symbol,variant,fold,horizon,mae,directional_accuracy,n_test
BTCUSDT,default,0,1,0.001273372929987795,0.5248747435224508,104785
BTCUSDT,default,0,2,0.00177081768688501,0.5351975567856461,104780
BTCUSDT,default,0,3,0.002140688957451357,0.5373419231686948,104775
BTCUSDT,default,0,4,0.0024560873831744154,0.5368235181826859,104770
BTCUSDT,default,0,5,0.0027431627330621465,0.5404476685916098,104765
BTCUSDT,default,0,6,0.0030182954100057206,0.5428980526918671,104760
BTCUSDT,default,0,7,0.003245882660915252,0.5431339792849983,104755
BTCUSDT,default,0,8,0.0034782292714694686,0.5434272076372315,104750
BTCUSDT,default,0,9,0.0036933585707233144,0.5441023437872929,104745
BTCUSDT,default,0,10,0.003912724830216792,0.5404811915218637,104740
BTCUSDT,default,0,11,0.004116150225544807,0.5395522031794528,104735
BTCUSDT,default,0,12,0.004325526475147663,0.5441134345459754,104730
BTCUSDT,reg_strong,0,1,0.0012715623777491394,0.5278045521782698,104785
BTCUSDT,reg_strong,0,2,0.0017676432616063641,0.5354552395495323,104780
BTCUSDT,reg_strong,0,3,0.002136710755147559,0.5363111429253161,104775
BTCUSDT,reg_strong,0,4,0.00245222224102454,0.5399732747924024,104770
BTCUSDT,reg_strong,0,5,0.002737910492266668,0.540132677898153,104765
BTCUSDT,reg_strong,0,6,0.0029975501009802865,0.5416189385261551,104760
BTCUSDT,reg_strong,0,7,0.003233479119190412,0.5433058087919431,104755
BTCUSDT,reg_strong,0,8,0.0034545700035904093,0.5438090692124105,104750
BTCUSDT,reg_strong,0,9,0.003664215975514912,0.5480547997517782,104745
BTCUSDT,reg_strong,0,10,0.0038619873529854823,0.5458755012411686,104740
BTCUSDT,reg_strong,0,11,0.004061316954841802,0.5465317229197498,104735
BTCUSDT,reg_strong,0,12,0.004249149225734522,0.5477227155542824,104730
BTCUSDT,grid_nl7_mcs100_mid_k100,0,1,0.0012695675994943449,0.5291119912201174,104785
BTCUSDT,grid_nl7_mcs100_mid_k100,0,2,0.0017635463039929935,0.540274861614812,104780
BTCUSDT,grid_nl7_mcs100_mid_k100,0,3,0.0021316542644091168,0.5422476735862563,104775
BTCUSDT,grid_nl7_mcs100_mid_k100,0,4,0.0024458583319189337,0.5433234704591009,104770
BTCUSDT,grid_nl7_mcs100_mid_k100,0,5,0.0027251118649833247,0.5450388965780556,104765
BTCUSDT,grid_nl7_mcs100_mid_k100,0,6,0.002979492909969024,0.5496086292478045,104760
BTCUSDT,grid_nl7_mcs100_mid_k100,0,7,0.003215437993786403,0.5491861963629421,104755
BTCUSDT,grid_nl7_mcs100_mid_k100,0,8,0.003426922531579227,0.5489546539379475,104750
BTCUSDT,grid_nl7_mcs100_mid_k100,0,9,0.003628446274143024,0.5521981956179293,104745
BTCUSDT,grid_nl7_mcs100_mid_k100,0,10,0.003824805050004096,0.5534084399465343,104740
BTCUSDT,grid_nl7_mcs100_mid_k100,0,11,0.004013589319077689,0.5531293263951879,104735
BTCUSDT,grid_nl7_mcs100_mid_k100,0,12,0.004191681105262621,0.5549985677456316,104730
BTCUSDT,grid_nl7_mcs300_strong_k100,0,1,0.0012691876198227387,0.529331488285537,104785
BTCUSDT,grid_nl7_mcs300_strong_k100,0,2,0.0017642259819832795,0.5400458102691353,104780
BTCUSDT,grid_nl7_mcs300_strong_k100,0,3,0.002130943498110205,0.5399952278692436,104775
BTCUSDT,grid_nl7_mcs300_strong_k100,0,4,0.0024438659271404707,0.5390474372434857,104770
BTCUSDT,grid_nl7_mcs300_strong_k100,0,5,0.002725399880295029,0.5436643917338806,104765
BTCUSDT,grid_nl7_mcs300_strong_k100,0,6,0.002976188030492936,0.547794959908362,104760
BTCUSDT,grid_nl7_mcs300_strong_k100,0,7,0.003211062061162232,0.5469905971075366,104755
BTCUSDT,grid_nl7_mcs300_strong_k100,0,8,0.0034302377530214083,0.5484868735083532,104750
BTCUSDT,grid_nl7_mcs300_strong_k100,0,9,0.00362930433536956,0.5477397489140293,104745
BTCUSDT,grid_nl7_mcs300_strong_k100,0,10,0.0038278771777657365,0.5508306282222647,104740
BTCUSDT,grid_nl7_mcs300_strong_k100,0,11,0.004016028512114814,0.5492051367737624,104735
BTCUSDT,grid_nl7_mcs300_strong_k100,0,12,0.004198007837531343,0.549708774945097,104730
BTCUSDT,grid_nl7_mcs100_none_k100,0,1,0.0012692046876807482,0.5273846447487713,104785
BTCUSDT,grid_nl7_mcs100_none_k100,0,2,0.0017636734616524109,0.5396736018324108,104780
BTCUSDT,grid_nl7_mcs100_none_k100,0,3,0.002130765749948966,0.5451300405631114,104775
BTCUSDT,grid_nl7_mcs100_none_k100,0,4,0.0024452077746966285,0.5418535840412332,104770
BTCUSDT,grid_nl7_mcs100_none_k100,0,5,0.002726753367152196,0.5440748341526274,104765
BTCUSDT,grid_nl7_mcs100_none_k100,0,6,0.0029813828898431634,0.5486158839251623,104760
BTCUSDT,grid_nl7_mcs100_none_k100,0,7,0.0032151534233783707,0.552088205813565,104755
BTCUSDT,grid_nl7_mcs100_none_k100,0,8,0.0034286653804517227,0.5515322195704058,104750
BTCUSDT,grid_nl7_mcs100_none_k100,0,9,0.0036340480466400898,0.5512625900997661,104745
BTCUSDT,grid_nl7_mcs100_none_k100,0,10,0.003832058666132797,0.5531793011265992,104740
BTCUSDT,grid_nl7_mcs100_none_k100,0,11,0.004012411061325174,0.5517544278416957,104735
BTCUSDT,grid_nl7_mcs100_none_k100,0,12,0.004192692632562175,0.5535854101021674,104730
BTCUSDT,default,1,1,0.00125080369824671,0.5353342558572315,104785
BTCUSDT,default,1,2,0.001716170674828166,0.5397272302127375,104777
BTCUSDT,default,1,3,0.0020701706367066077,0.5394725539043037,104769
BTCUSDT,default,1,4,0.0023857858700768396,0.5393037485323737,104761
BTCUSDT,default,1,5,0.002653092358783633,0.5451586112092255,104753
BTCUSDT,default,1,6,0.00289437298323637,0.5440641558069598,104745
BTCUSDT,default,1,7,0.0031296491407395385,0.5442298328193476,104737
BTCUSDT,default,1,8,0.0033617878398985493,0.5405093145165141,104729
BTCUSDT,default,1,9,0.003534386933405741,0.5449432301066643,104721
BTCUSDT,default,1,10,0.003749950691605309,0.5402958562929149,104713
BTCUSDT,default,1,11,0.0039233690237378185,0.5420180507139105,104705
BTCUSDT,default,1,12,0.004114723258580209,0.5396047642243809,104697
BTCUSDT,reg_strong,1,1,0.0012494124827059647,0.5400963878417713,104785
BTCUSDT,reg_strong,1,2,0.0017122073972955698,0.5427717915191311,104777
BTCUSDT,reg_strong,1,3,0.002066555564466117,0.543185484255839,104769
BTCUSDT,reg_strong,1,4,0.002375353987007836,0.54536516451733,104761
BTCUSDT,reg_strong,1,5,0.002646006954686963,0.5466382824358252,104753
BTCUSDT,reg_strong,1,6,0.002881404123509388,0.5481025347271946,104745
BTCUSDT,reg_strong,1,7,0.0031008362121439223,0.5495861061515988,104737
BTCUSDT,reg_strong,1,8,0.003311691665643059,0.5485491124712353,104729
BTCUSDT,reg_strong,1,9,0.003503942544437628,0.5474069193380506,104721
BTCUSDT,reg_strong,1,10,0.003685549557550207,0.5498171191733595,104713
BTCUSDT,reg_strong,1,11,0.0038752681332827068,0.5463731435939067,104705
BTCUSDT,reg_strong,1,12,0.004049036620531696,0.5471694508916206,104697
BTCUSDT,grid_nl7_mcs100_mid_k100,1,1,0.0012504188399283605,0.5375960299661211,104785
BTCUSDT,grid_nl7_mcs100_mid_k100,1,2,0.0017120510054012686,0.5439648014354296,104777
BTCUSDT,grid_nl7_mcs100_mid_k100,1,3,0.0020645552703122214,0.5432427531044488,104769
BTCUSDT,grid_nl7_mcs100_mid_k100,1,4,0.002373240188648839,0.5438760607477974,104761
BTCUSDT,grid_nl7_mcs100_mid_k100,1,5,0.0026381036046677843,0.548280240184052,104753
BTCUSDT,grid_nl7_mcs100_mid_k100,1,6,0.002875664358640546,0.5485512434961096,104745
BTCUSDT,grid_nl7_mcs100_mid_k100,1,7,0.003092086914406759,0.5513619828713826,104737
BTCUSDT,grid_nl7_mcs100_mid_k100,1,8,0.003294792428552934,0.5502964794851474,104729
BTCUSDT,grid_nl7_mcs100_mid_k100,1,9,0.0034855843709785794,0.548743804967485,104721
BTCUSDT,grid_nl7_mcs100_mid_k100,1,10,0.0036677869056784018,0.5486329300086904,104713
BTCUSDT,grid_nl7_mcs100_mid_k100,1,11,0.0038440425455762537,0.5484933861802206,104705
BTCUSDT,grid_nl7_mcs100_mid_k100,1,12,0.004017193613336423,0.5479240092839336,104697
BTCUSDT,grid_nl7_mcs300_strong_k100,1,1,0.001250299636252343,0.5384453881757885,104785
BTCUSDT,grid_nl7_mcs300_strong_k100,1,2,0.001712400343825534,0.5419987210933698,104777
BTCUSDT,grid_nl7_mcs300_strong_k100,1,3,0.002064325322502116,0.5441972339146122,104769
BTCUSDT,grid_nl7_mcs300_strong_k100,1,4,0.0023731868884453986,0.5444965206517692,104761
BTCUSDT,grid_nl7_mcs300_strong_k100,1,5,0.002636930739983983,0.5488530161427357,104753
BTCUSDT,grid_nl7_mcs300_strong_k100,1,6,0.0028724192186033084,0.5495632249749391,104745
BTCUSDT,grid_nl7_mcs300_strong_k100,1,7,0.0030896669717038814,0.550445401338591,104737
BTCUSDT,grid_nl7_mcs300_strong_k100,1,8,0.003294339834263279,0.549026535152632,104729
BTCUSDT,grid_nl7_mcs300_strong_k100,1,9,0.0034802522357141696,0.5499183544847738,104721
BTCUSDT,grid_nl7_mcs300_strong_k100,1,10,0.0036600944294655465,0.5510204081632653,104713
BTCUSDT,grid_nl7_mcs300_strong_k100,1,11,0.003840257271497278,0.5506804832624994,104705
BTCUSDT,grid_nl7_mcs300_strong_k100,1,12,0.0040131860706291754,0.5478858037957153,104697
BTCUSDT,grid_nl7_mcs100_none_k100,1,1,0.0012503277829152741,0.5367466717564537,104785
BTCUSDT,grid_nl7_mcs100_none_k100,1,2,0.0017127811136213816,0.5418555599034139,104777
BTCUSDT,grid_nl7_mcs100_none_k100,1,3,0.0020649573296499272,0.5430327673262129,104769
BTCUSDT,grid_nl7_mcs100_none_k100,1,4,0.0023737044256801833,0.5439810616546233,104761
BTCUSDT,grid_nl7_mcs100_none_k100,1,5,0.002638203053652786,0.5505904365507431,104753
BTCUSDT,grid_nl7_mcs100_none_k100,1,6,0.002876497848142768,0.5483030216239438,104745
BTCUSDT,grid_nl7_mcs100_none_k100,1,7,0.003093156308784004,0.5483639974412099,104737
BTCUSDT,grid_nl7_mcs100_none_k100,1,8,0.0032966387527065323,0.5501437042271005,104729
BTCUSDT,grid_nl7_mcs100_none_k100,1,9,0.003487301000503893,0.5487915508828219,104721
BTCUSDT,grid_nl7_mcs100_none_k100,1,10,0.0036643847988205584,0.5489576270377126,104713
BTCUSDT,grid_nl7_mcs100_none_k100,1,11,0.0038460697886114276,0.5478057399360107,104705
BTCUSDT,grid_nl7_mcs100_none_k100,1,12,0.00402084174827853,0.5463671356390345,104697
BTCUSDT,default,2,1,0.001779335073939502,0.5356652687762105,104920
BTCUSDT,default,2,2,0.002471601784166102,0.5379886191415745,104913
BTCUSDT,default,2,3,0.0030035381480728453,0.5399214534916973,104906
BTCUSDT,default,2,4,0.0034695411862058693,0.5381938817338583,104899
BTCUSDT,default,2,5,0.003866092291328275,0.5356747893070968,104892
BTCUSDT,default,2,6,0.004195043250856765,0.5327930590646899,104885
BTCUSDT,default,2,7,0.004487185972077769,0.5305879212036843,104878
BTCUSDT,default,2,8,0.004771717430040885,0.530241916259023,104871
BTCUSDT,default,2,9,0.005063389845613621,0.5289231766859933,104864
BTCUSDT,default,2,10,0.005340154149716845,0.5267173388519603,104857
BTCUSDT,default,2,11,0.005600342196434302,0.5276299475441106,104850
BTCUSDT,default,2,12,0.005854077750588389,0.5256049521665729,104843
BTCUSDT,reg_strong,2,1,0.001778922226825361,0.5354937094929471,104920
BTCUSDT,reg_strong,2,2,0.0024701096376936833,0.5381792532860561,104913
BTCUSDT,reg_strong,2,3,0.002997197017550795,0.5394734333593884,104906
BTCUSDT,reg_strong,2,4,0.003464678283816606,0.5391281137093776,104899
BTCUSDT,reg_strong,2,5,0.0038579311602137067,0.5352362429927926,104892
BTCUSDT,reg_strong,2,6,0.00418368146377481,0.5347666491872051,104885
BTCUSDT,reg_strong,2,7,0.00447000171820564,0.5324186197295906,104878
BTCUSDT,reg_strong,2,8,0.004766538414621818,0.5293837190453032,104871
BTCUSDT,reg_strong,2,9,0.0050539708822449365,0.5274259993896857,104864
BTCUSDT,reg_strong,2,10,0.005328765769857359,0.5271846419409291,104857
BTCUSDT,reg_strong,2,11,0.005585093733759095,0.5259132093466857,104850
BTCUSDT,reg_strong,2,12,0.00582971887002968,0.5273122669133847,104843
BTCUSDT,grid_nl7_mcs100_mid_k100,2,1,0.0017787991409941313,0.5381052230270682,104920
BTCUSDT,grid_nl7_mcs100_mid_k100,2,2,0.0024701777534223046,0.5375787557309389,104913
BTCUSDT,grid_nl7_mcs100_mid_k100,2,3,0.0029964393710535425,0.5389682191676358,104906
BTCUSDT,grid_nl7_mcs100_mid_k100,2,4,0.003457282927478284,0.5403006701684477,104899
BTCUSDT,grid_nl7_mcs100_mid_k100,2,5,0.0038469736974568423,0.5355508523052283,104892
BTCUSDT,grid_nl7_mcs100_mid_k100,2,6,0.004169169773919577,0.5320970586833198,104885
BTCUSDT,grid_nl7_mcs100_mid_k100,2,7,0.004449964943302608,0.5293483857434352,104878
BTCUSDT,grid_nl7_mcs100_mid_k100,2,8,0.00475162978967638,0.5269140181747098,104871
BTCUSDT,grid_nl7_mcs100_mid_k100,2,9,0.0050353307833398185,0.5265677448886177,104864
BTCUSDT,grid_nl7_mcs100_mid_k100,2,10,0.005310855793719849,0.5241710138569671,104857
BTCUSDT,grid_nl7_mcs100_mid_k100,2,11,0.005566055376289543,0.5245207439198856,104850
BTCUSDT,grid_nl7_mcs100_mid_k100,2,12,0.0058169678939178765,0.5249849775378423,104843
BTCUSDT,grid_nl7_mcs300_strong_k100,2,1,0.0017789461034615267,0.5368471216164696,104920
BTCUSDT,grid_nl7_mcs300_strong_k100,2,2,0.0024699525924442955,0.5382650386510728,104913
BTCUSDT,grid_nl7_mcs300_strong_k100,2,3,0.002996677536194209,0.5402932148780814,104906
BTCUSDT,grid_nl7_mcs300_strong_k100,2,4,0.0034572512859476273,0.5397191584285836,104899
BTCUSDT,grid_nl7_mcs300_strong_k100,2,5,0.0038468050415451727,0.5352267093772642,104892
BTCUSDT,grid_nl7_mcs300_strong_k100,2,6,0.0041708724320836475,0.5311245649997617,104885
BTCUSDT,grid_nl7_mcs300_strong_k100,2,7,0.0044497091208157745,0.5286046644672858,104878
BTCUSDT,grid_nl7_mcs300_strong_k100,2,8,0.004750542272975636,0.5281345653231112,104871
BTCUSDT,grid_nl7_mcs300_strong_k100,2,9,0.005037316950006805,0.5262816600549283,104864
BTCUSDT,grid_nl7_mcs300_strong_k100,2,10,0.005310095698903066,0.5245620225640635,104857
BTCUSDT,grid_nl7_mcs300_strong_k100,2,11,0.005567344778981087,0.5234620886981401,104850
BTCUSDT,grid_nl7_mcs300_strong_k100,2,12,0.005816539865800406,0.5236687237106912,104843
BTCUSDT,grid_nl7_mcs100_none_k100,2,1,0.0017790248903298185,0.537523827678231,104920
BTCUSDT,grid_nl7_mcs100_none_k100,2,2,0.002471038743266207,0.53793142889823,104913
BTCUSDT,grid_nl7_mcs100_none_k100,2,3,0.002996096620702772,0.5393209158675386,104906
BTCUSDT,grid_nl7_mcs100_none_k100,2,4,0.0034584039454012105,0.5391948445647718,104899
BTCUSDT,grid_nl7_mcs100_none_k100,2,5,0.0038470843152411025,0.5348930328337719,104892
BTCUSDT,grid_nl7_mcs100_none_k100,2,6,0.004170535325688493,0.5300090575392096,104885
BTCUSDT,grid_nl7_mcs100_none_k100,2,7,0.004447693305899595,0.5304639676576594,104878
BTCUSDT,grid_nl7_mcs100_none_k100,2,8,0.004749070411039586,0.5287162323235213,104871
BTCUSDT,grid_nl7_mcs100_none_k100,2,9,0.005034031149333545,0.5256332010985658,104864
BTCUSDT,grid_nl7_mcs100_none_k100,2,10,0.0053086629638610175,0.5260974469992465,104857
BTCUSDT,grid_nl7_mcs100_none_k100,2,11,0.005565023556917713,0.5244635193133047,104850
BTCUSDT,grid_nl7_mcs100_none_k100,2,12,0.005812609632413527,0.525013591751476,104843
BTCUSDT,default,3,1,0.0014331797074570876,0.5259424980959635,105040
BTCUSDT,default,3,2,0.002011830735749169,0.5275424132218816,105038
BTCUSDT,default,3,3,0.0024542742787671506,0.5268288967592064,105036
BTCUSDT,default,3,4,0.002833314845585534,0.5278957290020374,105034
BTCUSDT,default,3,5,0.0031646730950579366,0.5273059638967172,105032
BTCUSDT,default,3,6,0.003455427143021883,0.5274873845567933,105030
BTCUSDT,default,3,7,0.003742841815460566,0.523412804204593,105028
BTCUSDT,default,3,8,0.004008961884893336,0.5263934644754632,105026
BTCUSDT,default,3,9,0.004258123603822623,0.5268795703839122,105024
BTCUSDT,default,3,10,0.004501971723226318,0.5236712307897393,105022
BTCUSDT,default,3,11,0.0047270078263792585,0.5224052561416873,105020
BTCUSDT,default,3,12,0.004936456915174029,0.522805614275648,105018
BTCUSDT,reg_strong,3,1,0.0014313031285649361,0.5254760091393754,105040
BTCUSDT,reg_strong,3,2,0.0020120615596681997,0.5279708296045241,105038
BTCUSDT,reg_strong,3,3,0.002451174266235148,0.5282284169237214,105036
BTCUSDT,reg_strong,3,4,0.002829038792367534,0.5284193689662395,105034
BTCUSDT,reg_strong,3,5,0.0031555234472121756,0.5301336735471095,105032
BTCUSDT,reg_strong,3,6,0.0034582688863010976,0.5246120156145863,105030
BTCUSDT,reg_strong,3,7,0.0037344943328754417,0.5250123776516739,105028
BTCUSDT,reg_strong,3,8,0.004001668212463621,0.5246605602422257,105026
BTCUSDT,reg_strong,3,9,0.0042510694900692115,0.5240135588056063,105024
BTCUSDT,reg_strong,3,10,0.004485995340300247,0.5244329759478966,105022
BTCUSDT,reg_strong,3,11,0.004703972523902268,0.5267377642353838,105020
BTCUSDT,reg_strong,3,12,0.004926075285264178,0.5226818259726904,105018
BTCUSDT,grid_nl7_mcs100_mid_k100,3,1,0.0014296556270138405,0.5248857578065499,105040
BTCUSDT,grid_nl7_mcs100_mid_k100,3,2,0.002009583372944941,0.5260001142443687,105038
BTCUSDT,grid_nl7_mcs100_mid_k100,3,3,0.0024491887051576616,0.5263623900377014,105036
BTCUSDT,grid_nl7_mcs100_mid_k100,3,4,0.0028240802639031963,0.5295808976141059,105034
BTCUSDT,grid_nl7_mcs100_mid_k100,3,5,0.0031492409815309843,0.5315713306420901,105032
BTCUSDT,grid_nl7_mcs100_mid_k100,3,6,0.00344696278457088,0.5309149766733314,105030
BTCUSDT,grid_nl7_mcs100_mid_k100,3,7,0.003723112340283602,0.5302109913546864,105028
BTCUSDT,grid_nl7_mcs100_mid_k100,3,8,0.003988001932599032,0.5336773751261592,105026
BTCUSDT,grid_nl7_mcs100_mid_k100,3,9,0.004234320539798248,0.5332209780621572,105024
BTCUSDT,grid_nl7_mcs100_mid_k100,3,10,0.004465797453352225,0.5352783226371617,105022
BTCUSDT,grid_nl7_mcs100_mid_k100,3,11,0.00468166544301562,0.5353361264521044,105020
BTCUSDT,grid_nl7_mcs100_mid_k100,3,12,0.004891059028891997,0.5350035232055457,105018
BTCUSDT,grid_nl7_mcs300_strong_k100,3,1,0.0014294969545289124,0.5252189642041127,105040
BTCUSDT,grid_nl7_mcs300_strong_k100,3,2,0.0020097415599237105,0.5259525124240751,105038
BTCUSDT,grid_nl7_mcs300_strong_k100,3,3,0.0024493450063153917,0.5265051982177539,105036
BTCUSDT,grid_nl7_mcs300_strong_k100,3,4,0.0028236938837910364,0.5293904830816688,105034
BTCUSDT,grid_nl7_mcs300_strong_k100,3,5,0.0031492573137943134,0.5317141442607967,105032
BTCUSDT,grid_nl7_mcs300_strong_k100,3,6,0.003447016839453799,0.5308388079596306,105030
BTCUSDT,grid_nl7_mcs300_strong_k100,3,7,0.003722867988531447,0.5303728529534981,105028
BTCUSDT,grid_nl7_mcs300_strong_k100,3,8,0.003986603251775633,0.5344676556281301,105026
BTCUSDT,grid_nl7_mcs300_strong_k100,3,9,0.0042369028660017745,0.5334209323583181,105024
BTCUSDT,grid_nl7_mcs300_strong_k100,3,10,0.004464973125338411,0.5370303365009236,105022
BTCUSDT,grid_nl7_mcs300_strong_k100,3,11,0.004685039264610914,0.5336031232146258,105020
BTCUSDT,grid_nl7_mcs300_strong_k100,3,12,0.004893764475077612,0.5324420575520387,105018
BTCUSDT,grid_nl7_mcs100_none_k100,3,1,0.0014297284283658843,0.5239051789794364,105040
BTCUSDT,grid_nl7_mcs100_none_k100,3,2,0.002009728503200771,0.524895752013557,105038
BTCUSDT,grid_nl7_mcs100_none_k100,3,3,0.0024493819362646028,0.5258863627708595,105036
BTCUSDT,grid_nl7_mcs100_none_k100,3,4,0.0028236212604844475,0.5306853019022412,105034
BTCUSDT,grid_nl7_mcs100_none_k100,3,5,0.0031488270352123975,0.5317046233528829,105032
BTCUSDT,grid_nl7_mcs100_none_k100,3,6,0.003446817338838576,0.5312196515281348,105030
BTCUSDT,grid_nl7_mcs100_none_k100,3,7,0.0037214476793627827,0.5307822675857866,105028
BTCUSDT,grid_nl7_mcs100_none_k100,3,8,0.003988267969107367,0.5327728372022166,105026
BTCUSDT,grid_nl7_mcs100_none_k100,3,9,0.0042351217643913355,0.5352871724558196,105024
BTCUSDT,grid_nl7_mcs100_none_k100,3,10,0.004465739588390013,0.5350212336462836,105022
BTCUSDT,grid_nl7_mcs100_none_k100,3,11,0.004684309106631011,0.5341744429632451,105020
BTCUSDT,grid_nl7_mcs100_none_k100,3,12,0.0048915731662505495,0.5347654687767811,105018
BTCUSDT,default,4,1,0.0008824426269866419,0.5256462708010238,105103
BTCUSDT,default,4,2,0.0012250407224118983,0.5326254495632814,105102
BTCUSDT,default,4,3,0.0015012397465167312,0.5346095660364792,105101
BTCUSDT,default,4,4,0.0017470196444613303,0.5364034253092294,105100
BTCUSDT,default,4,5,0.0019386555617027484,0.5384542193550843,105099
BTCUSDT,default,4,6,0.0021298629481087445,0.5413043064568308,105098
BTCUSDT,default,4,7,0.0022777355592783987,0.5420611435150385,105097
BTCUSDT,default,4,8,0.002456803736939188,0.5393449798279668,105096
BTCUSDT,default,4,9,0.002581713769293964,0.5435368000380608,105095
BTCUSDT,default,4,10,0.0027701294191974373,0.5411155727253697,105094
BTCUSDT,default,4,11,0.0029280600614441567,0.5419961367550645,105093
BTCUSDT,default,4,12,0.003058247361659134,0.5352357934000685,105092
BTCUSDT,reg_strong,4,1,0.0008812658680284849,0.5273208186255388,105103
BTCUSDT,reg_strong,4,2,0.0012234997696448425,0.5321497212231927,105102
BTCUSDT,reg_strong,4,3,0.0014969549131536126,0.5354753998534743,105101
BTCUSDT,reg_strong,4,4,0.0017293043334423326,0.5390485252140819,105100
BTCUSDT,reg_strong,4,5,0.0019250720603285396,0.53998610833595,105099
BTCUSDT,reg_strong,4,6,0.0021141716706186784,0.5408000152238863,105098
BTCUSDT,reg_strong,4,7,0.0022837905791918793,0.5383122258485019,105097
BTCUSDT,reg_strong,4,8,0.0024354299503471536,0.5375371089289792,105096
BTCUSDT,reg_strong,4,9,0.0025745412034497857,0.538474713354584,105095
BTCUSDT,reg_strong,4,10,0.002738924289474509,0.5376710373570327,105094
BTCUSDT,reg_strong,4,11,0.002876344718474766,0.5396363221146984,105093
BTCUSDT,reg_strong,4,12,0.0030191624862851733,0.5369390629163019,105092
BTCUSDT,grid_nl7_mcs100_mid_k100,4,1,0.000877112324915037,0.5298421548385869,105103
BTCUSDT,grid_nl7_mcs100_mid_k100,4,2,0.0012193921175741008,0.5352990428345797,105102
BTCUSDT,grid_nl7_mcs100_mid_k100,4,3,0.001489660077972821,0.5380158133604819,105101
BTCUSDT,grid_nl7_mcs100_mid_k100,4,4,0.001710527539743369,0.5448905803996195,105100
BTCUSDT,grid_nl7_mcs100_mid_k100,4,5,0.0019080276990778616,0.5428881340450432,105099
BTCUSDT,grid_nl7_mcs100_mid_k100,4,6,0.002087450236577373,0.5452720318179223,105098
BTCUSDT,grid_nl7_mcs100_mid_k100,4,7,0.002255245304854013,0.5437453019591425,105097
BTCUSDT,grid_nl7_mcs100_mid_k100,4,8,0.002407011269391075,0.5441881708152546,105096
BTCUSDT,grid_nl7_mcs100_mid_k100,4,9,0.0025499834920630782,0.5428707360007612,105095
BTCUSDT,grid_nl7_mcs100_mid_k100,4,10,0.0026856686009590932,0.5459017641349649,105094
BTCUSDT,grid_nl7_mcs100_mid_k100,4,11,0.0028240496363743503,0.5387609070061755,105093
BTCUSDT,grid_nl7_mcs100_mid_k100,4,12,0.0029473094838462855,0.5436760172039736,105092
BTCUSDT,grid_nl7_mcs300_strong_k100,4,1,0.0008770861759925163,0.5309268051340114,105103
BTCUSDT,grid_nl7_mcs300_strong_k100,4,2,0.0012194056994377358,0.5348899164621035,105102
BTCUSDT,grid_nl7_mcs300_strong_k100,4,3,0.0014897675437420823,0.5396142757918574,105101
BTCUSDT,grid_nl7_mcs300_strong_k100,4,4,0.0017099538982143917,0.544291151284491,105100
BTCUSDT,grid_nl7_mcs300_strong_k100,4,5,0.0019061725700641153,0.5433924204797381,105099
BTCUSDT,grid_nl7_mcs300_strong_k100,4,6,0.0020884866087432954,0.544948524234524,105098
BTCUSDT,grid_nl7_mcs300_strong_k100,4,7,0.0022551009872249514,0.5431744007916496,105097
BTCUSDT,grid_nl7_mcs300_strong_k100,4,8,0.002409705592033806,0.5417903630965974,105096
BTCUSDT,grid_nl7_mcs300_strong_k100,4,9,0.002548902941732231,0.5437841952519149,105095
BTCUSDT,grid_nl7_mcs300_strong_k100,4,10,0.0026883030220627895,0.544160465868651,105094
BTCUSDT,grid_nl7_mcs300_strong_k100,4,11,0.0028192630193004686,0.5430428287326463,105093
BTCUSDT,grid_nl7_mcs300_strong_k100,4,12,0.0029434137134215703,0.5457599056065162,105092
BTCUSDT,grid_nl7_mcs100_none_k100,4,1,0.0008770424418267803,0.5306699142745688,105103
BTCUSDT,grid_nl7_mcs100_none_k100,4,2,0.0012201648566138837,0.5334437023082339,105102
BTCUSDT,grid_nl7_mcs100_none_k100,4,3,0.001489232033567676,0.5397950542811201,105101
BTCUSDT,grid_nl7_mcs100_none_k100,4,4,0.0017100088843737128,0.5462892483349191,105100
BTCUSDT,grid_nl7_mcs100_none_k100,4,5,0.0019054470933728218,0.5446769236624516,105099
BTCUSDT,grid_nl7_mcs100_none_k100,4,6,0.00208770254655066,0.5452530019600753,105098
BTCUSDT,grid_nl7_mcs100_none_k100,4,7,0.002252780610636342,0.5453438252281226,105097
BTCUSDT,grid_nl7_mcs100_none_k100,4,8,0.00240874454475557,0.5415905457867093,105096
BTCUSDT,grid_nl7_mcs100_none_k100,4,9,0.0025499290974072414,0.5441077120700318,105095
BTCUSDT,grid_nl7_mcs100_none_k100,4,10,0.002688889736966598,0.5440177365025596,105094
BTCUSDT,grid_nl7_mcs100_none_k100,4,11,0.0028210843938825535,0.5431760440752477,105093
BTCUSDT,grid_nl7_mcs100_none_k100,4,12,0.0029439344331160435,0.5450081833060556,105092
BTCUSDT,default,5,1,0.0009266538708030334,0.5193493150684931,105120
BTCUSDT,default,5,2,0.0013016610355183907,0.5252187975646879,105120
BTCUSDT,default,5,3,0.0015814785066722737,0.5294996194824962,105120
BTCUSDT,default,5,4,0.001816807043910267,0.531326103500761,105120
BTCUSDT,default,5,5,0.0020199891784737764,0.5372812024353121,105120
BTCUSDT,default,5,6,0.002203407061775484,0.5337138508371385,105120
BTCUSDT,default,5,7,0.002374456656007778,0.5340372907153729,105120
BTCUSDT,default,5,8,0.002533549298584749,0.5366818873668189,105120
BTCUSDT,default,5,9,0.002684915870437297,0.5328101217656012,105120
BTCUSDT,default,5,10,0.0028264225308174675,0.5342370624048707,105120
BTCUSDT,default,5,11,0.002961360501268723,0.5354071537290715,105120
BTCUSDT,default,5,12,0.003089385097202272,0.5355308219178082,105120
BTCUSDT,reg_strong,5,1,0.0009267025624725082,0.5171803652968037,105120
BTCUSDT,reg_strong,5,2,0.0013015148265687708,0.5253044140030442,105120
BTCUSDT,reg_strong,5,3,0.0015812613148776472,0.5309455859969558,105120
BTCUSDT,reg_strong,5,4,0.0018161848081805069,0.5329718417047185,105120
BTCUSDT,reg_strong,5,5,0.0020198545989689506,0.5338470319634703,105120
BTCUSDT,reg_strong,5,6,0.0022032853464525525,0.5324676560121766,105120
BTCUSDT,reg_strong,5,7,0.002374072751334664,0.5340943683409437,105120
BTCUSDT,reg_strong,5,8,0.002533887487917076,0.5354927701674277,105120
BTCUSDT,reg_strong,5,9,0.0026809341031220624,0.5364630898021309,105120
BTCUSDT,reg_strong,5,10,0.0028232398263039683,0.5355688736681887,105120
BTCUSDT,reg_strong,5,11,0.002959698424357156,0.5365962709284627,105120
BTCUSDT,reg_strong,5,12,0.0030859978139760533,0.5365677321156773,105120
BTCUSDT,grid_nl7_mcs100_mid_k100,5,1,0.0009267786087925963,0.5159627092846271,105120
BTCUSDT,grid_nl7_mcs100_mid_k100,5,2,0.00130169230646859,0.5224124809741248,105120
BTCUSDT,grid_nl7_mcs100_mid_k100,5,3,0.0015824079110446916,0.5271213850837139,105120
BTCUSDT,grid_nl7_mcs100_mid_k100,5,4,0.0018183958469250117,0.5296613394216134,105120
BTCUSDT,grid_nl7_mcs100_mid_k100,5,5,0.0020220952640363963,0.530146499238965,105120
BTCUSDT,grid_nl7_mcs100_mid_k100,5,6,0.0022045999254753333,0.5298420852359208,105120
BTCUSDT,grid_nl7_mcs100_mid_k100,5,7,0.002375480201440262,0.5307553272450533,105120
BTCUSDT,grid_nl7_mcs100_mid_k100,5,8,0.0025342100541730687,0.532572298325723,105120
BTCUSDT,grid_nl7_mcs100_mid_k100,5,9,0.0026837433515606497,0.5304699391171994,105120
BTCUSDT,grid_nl7_mcs100_mid_k100,5,10,0.002825937291146683,0.532791095890411,105120
BTCUSDT,grid_nl7_mcs100_mid_k100,5,11,0.0029613351392608948,0.5339802130898021,105120
BTCUSDT,grid_nl7_mcs100_mid_k100,5,12,0.0030881630656583547,0.5323249619482496,105120
BTCUSDT,grid_nl7_mcs300_strong_k100,5,1,0.0009267781028048406,0.5156678082191781,105120
BTCUSDT,grid_nl7_mcs300_strong_k100,5,2,0.001301743444085275,0.5223173515981735,105120
BTCUSDT,grid_nl7_mcs300_strong_k100,5,3,0.0015823228369748845,0.5274353120243531,105120
BTCUSDT,grid_nl7_mcs300_strong_k100,5,4,0.0018183287639401886,0.5295376712328768,105120
BTCUSDT,grid_nl7_mcs300_strong_k100,5,5,0.0020222072812241783,0.5299181887366818,105120
BTCUSDT,grid_nl7_mcs300_strong_k100,5,6,0.002205012505714852,0.5296042617960426,105120
BTCUSDT,grid_nl7_mcs300_strong_k100,5,7,0.0023750551513986016,0.5308599695585997,105120
BTCUSDT,grid_nl7_mcs300_strong_k100,5,8,0.0025348687955334083,0.5318683409436834,105120
BTCUSDT,grid_nl7_mcs300_strong_k100,5,9,0.0026834968925048635,0.5318968797564688,105120
BTCUSDT,grid_nl7_mcs300_strong_k100,5,10,0.0028250626495566113,0.5327625570776255,105120
BTCUSDT,grid_nl7_mcs300_strong_k100,5,11,0.0029606363794207778,0.533751902587519,105120
BTCUSDT,grid_nl7_mcs300_strong_k100,5,12,0.003087933309047917,0.5327815829528159,105120
BTCUSDT,grid_nl7_mcs100_none_k100,5,1,0.0009266427390865572,0.5158009893455099,105120
BTCUSDT,grid_nl7_mcs100_none_k100,5,2,0.001301827464109496,0.5230593607305936,105120
BTCUSDT,grid_nl7_mcs100_none_k100,5,3,0.0015822448216183528,0.5273877473363775,105120
BTCUSDT,grid_nl7_mcs100_none_k100,5,4,0.0018185286482478814,0.5300418569254186,105120
BTCUSDT,grid_nl7_mcs100_none_k100,5,5,0.0020222186221713753,0.5302796803652968,105120
BTCUSDT,grid_nl7_mcs100_none_k100,5,6,0.0022051389416897255,0.5298420852359208,105120
BTCUSDT,grid_nl7_mcs100_none_k100,5,7,0.002374870183732762,0.5304318873668189,105120
BTCUSDT,grid_nl7_mcs100_none_k100,5,8,0.0025340134907640833,0.5317161339421613,105120
BTCUSDT,grid_nl7_mcs100_none_k100,5,9,0.0026836968891340582,0.5317827245053273,105120
BTCUSDT,grid_nl7_mcs100_none_k100,5,10,0.0028252580360795566,0.5317161339421613,105120
BTCUSDT,grid_nl7_mcs100_none_k100,5,11,0.0029609778635859103,0.5342085235920853,105120
BTCUSDT,grid_nl7_mcs100_none_k100,5,12,0.0030878622310197184,0.5329147640791476,105120
BTCUSDT,default,6,1,0.0009947106593091717,0.5133466514459665,105120
BTCUSDT,default,6,2,0.0014076276396953144,0.5178177321156773,105120
BTCUSDT,default,6,3,0.0017103267525842975,0.5206050228310503,105120
BTCUSDT,default,6,4,0.001966790702250403,0.5195966514459666,105120
BTCUSDT,default,6,5,0.0021963655560584346,0.5192541856925419,105120
BTCUSDT,default,6,6,0.0024003006203932678,0.5179033485540335,105120
BTCUSDT,default,6,7,0.0025881596882761163,0.5189497716894977,105120
BTCUSDT,default,6,8,0.002763610304106676,0.5193968797564688,105120
BTCUSDT,default,6,9,0.0029277081637661263,0.5189212328767123,105120
BTCUSDT,default,6,10,0.003078938533657375,0.5220700152207002,105120
BTCUSDT,default,6,11,0.0032300935271592198,0.5142884322678843,105120
BTCUSDT,default,6,12,0.0033665690698936016,0.5173991628614917,105120
BTCUSDT,reg_strong,6,1,0.0009943700030635814,0.5135749619482496,105120
BTCUSDT,reg_strong,6,2,0.0014076453797609012,0.5170091324200913,105120
BTCUSDT,reg_strong,6,3,0.0017100583559265965,0.5200152207001522,105120
BTCUSDT,reg_strong,6,4,0.001966512741814534,0.5193112633181126,105120
BTCUSDT,reg_strong,6,5,0.0021951985665206995,0.5186358447488585,105120
BTCUSDT,reg_strong,6,6,0.0023982817724789987,0.5193968797564688,105120
BTCUSDT,reg_strong,6,7,0.002585749037717322,0.519482496194825,105120
BTCUSDT,reg_strong,6,8,0.0027600594868612883,0.5187595129375951,105120
BTCUSDT,reg_strong,6,9,0.0029234810321342466,0.5193302891933029,105120
BTCUSDT,reg_strong,6,10,0.0030781276385650367,0.5189592846270928,105120
BTCUSDT,reg_strong,6,11,0.003226610833148147,0.5195681126331811,105120
BTCUSDT,reg_strong,6,12,0.003364186649552382,0.517941400304414,105120
BTCUSDT,grid_nl7_mcs100_mid_k100,6,1,0.0009944751210187676,0.511986301369863,105120
BTCUSDT,grid_nl7_mcs100_mid_k100,6,2,0.0014074861312767873,0.5164668949771689,105120
BTCUSDT,grid_nl7_mcs100_mid_k100,6,3,0.001710536452025003,0.5174562404870624,105120
BTCUSDT,grid_nl7_mcs100_mid_k100,6,4,0.0019674766784914723,0.5177130898021309,105120
BTCUSDT,grid_nl7_mcs100_mid_k100,6,5,0.002195770517361597,0.516695205479452,105120
BTCUSDT,grid_nl7_mcs100_mid_k100,6,6,0.0023986076415890042,0.5174562404870624,105120
BTCUSDT,grid_nl7_mcs100_mid_k100,6,7,0.0025857498958272696,0.5177987062404871,105120
BTCUSDT,grid_nl7_mcs100_mid_k100,6,8,0.0027604583044901244,0.5186643835616438,105120
BTCUSDT,grid_nl7_mcs100_mid_k100,6,9,0.0029223413016345287,0.51875,105120
BTCUSDT,grid_nl7_mcs100_mid_k100,6,10,0.00307691254679581,0.5183314307458143,105120
BTCUSDT,grid_nl7_mcs100_mid_k100,6,11,0.0032237243618615137,0.5183980213089802,105120
BTCUSDT,grid_nl7_mcs100_mid_k100,6,12,0.0033598339811061325,0.5173706240487063,105120
BTCUSDT,grid_nl7_mcs300_strong_k100,6,1,0.000994461721593189,0.5123953576864536,105120
BTCUSDT,grid_nl7_mcs300_strong_k100,6,2,0.0014075171881570909,0.5169330289193302,105120
BTCUSDT,grid_nl7_mcs300_strong_k100,6,3,0.0017108231107046134,0.5165905631659057,105120
BTCUSDT,grid_nl7_mcs300_strong_k100,6,4,0.001967367338101114,0.5171423135464231,105120
BTCUSDT,grid_nl7_mcs300_strong_k100,6,5,0.0021961862074144304,0.5163812785388128,105120
BTCUSDT,grid_nl7_mcs300_strong_k100,6,6,0.0023986762955681405,0.5174467275494673,105120
BTCUSDT,grid_nl7_mcs300_strong_k100,6,7,0.0025855956651258515,0.5184075342465754,105120
BTCUSDT,grid_nl7_mcs300_strong_k100,6,8,0.0027602658134541474,0.5189973363774734,105120
BTCUSDT,grid_nl7_mcs300_strong_k100,6,9,0.0029222960939876558,0.5187975646879757,105120
BTCUSDT,grid_nl7_mcs300_strong_k100,6,10,0.00307605465032007,0.5186643835616438,105120
BTCUSDT,grid_nl7_mcs300_strong_k100,6,11,0.0032236851259934635,0.5180175038051751,105120
BTCUSDT,grid_nl7_mcs300_strong_k100,6,12,0.003360447677524408,0.5172659817351598,105120
BTCUSDT,grid_nl7_mcs100_none_k100,6,1,0.000994458243876704,0.5119006849315069,105120
BTCUSDT,grid_nl7_mcs100_none_k100,6,2,0.0014074066436886524,0.5170281582952816,105120
BTCUSDT,grid_nl7_mcs100_none_k100,6,3,0.0017105216505106124,0.5182743531202435,105120
BTCUSDT,grid_nl7_mcs100_none_k100,6,4,0.001967380856646867,0.5183885083713851,105120
BTCUSDT,grid_nl7_mcs100_none_k100,6,5,0.002195709413344301,0.5164288432267884,105120
BTCUSDT,grid_nl7_mcs100_none_k100,6,6,0.002398869752685159,0.5162671232876712,105120
BTCUSDT,grid_nl7_mcs100_none_k100,6,7,0.002586275007970492,0.5177035768645357,105120
BTCUSDT,grid_nl7_mcs100_none_k100,6,8,0.002760818421572815,0.5182172754946728,105120
BTCUSDT,grid_nl7_mcs100_none_k100,6,9,0.0029224127501945724,0.5187404870624048,105120
BTCUSDT,grid_nl7_mcs100_none_k100,6,10,0.00307634219011516,0.5185882800608828,105120
BTCUSDT,grid_nl7_mcs100_none_k100,6,11,0.0032236094504208748,0.5195395738203957,105120
BTCUSDT,grid_nl7_mcs100_none_k100,6,12,0.003359742506089929,0.5174847792998478,105120
BTCUSDT,default,7,1,0.0008752923350003229,0.516248097412481,105120
BTCUSDT,default,7,2,0.0012461088990306337,0.5239440639269406,105120
BTCUSDT,default,7,3,0.0015216238569636358,0.525589802130898,105120
BTCUSDT,default,7,4,0.0017555885477984036,0.527349695585997,105120
BTCUSDT,default,7,5,0.001960664108910388,0.527425799086758,105120
BTCUSDT,default,7,6,0.00214792041190093,0.5254185692541857,105120
BTCUSDT,default,7,7,0.002316238287859126,0.5238108828006088,105120
BTCUSDT,default,7,8,0.0024718994421503455,0.526255707762557,105120
BTCUSDT,default,7,9,0.0026210519887715526,0.5222602739726028,105120
BTCUSDT,default,7,10,0.0027637544349389553,0.5211948249619482,105120
BTCUSDT,default,7,11,0.0029000872073458766,0.5221746575342465,105120
BTCUSDT,default,7,12,0.0030296422678609703,0.5212043378995433,105120
BTCUSDT,reg_strong,7,1,0.0008751726134386706,0.5180936073059361,105120
BTCUSDT,reg_strong,7,2,0.0012458714000931196,0.525,105120
BTCUSDT,reg_strong,7,3,0.0015210845803387634,0.5269406392694064,105120
BTCUSDT,reg_strong,7,4,0.0017558752692145491,0.5279299847792999,105120
BTCUSDT,reg_strong,7,5,0.0019616344655582624,0.5271023592085236,105120
BTCUSDT,reg_strong,7,6,0.0021464254201588057,0.5263318112633181,105120
BTCUSDT,reg_strong,7,7,0.0023143453186239135,0.5278158295281583,105120
BTCUSDT,reg_strong,7,8,0.0024707852718216976,0.5259608066971081,105120
BTCUSDT,reg_strong,7,9,0.0026180044912831606,0.5242104261796042,105120
BTCUSDT,reg_strong,7,10,0.0027616979936017924,0.5234398782343987,105120
BTCUSDT,reg_strong,7,11,0.0028972496889276343,0.5246955859969559,105120
BTCUSDT,reg_strong,7,12,0.003026788737457342,0.5249619482496195,105120
BTCUSDT,grid_nl7_mcs100_mid_k100,7,1,0.0008755265547363081,0.516324200913242,105120
BTCUSDT,grid_nl7_mcs100_mid_k100,7,2,0.0012466621816475407,0.5211377473363775,105120
BTCUSDT,grid_nl7_mcs100_mid_k100,7,3,0.0015222229333767222,0.524486301369863,105120
BTCUSDT,grid_nl7_mcs100_mid_k100,7,4,0.0017567810262088211,0.5246194824961948,105120
BTCUSDT,grid_nl7_mcs100_mid_k100,7,5,0.0019625532114994535,0.5239060121765601,105120
BTCUSDT,grid_nl7_mcs100_mid_k100,7,6,0.0021477359376702036,0.5247716894977169,105120
BTCUSDT,grid_nl7_mcs100_mid_k100,7,7,0.0023167861527181033,0.5234969558599696,105120
BTCUSDT,grid_nl7_mcs100_mid_k100,7,8,0.002473108381996427,0.5227549467275495,105120
BTCUSDT,grid_nl7_mcs100_mid_k100,7,9,0.0026208187317744653,0.5213850837138508,105120
BTCUSDT,grid_nl7_mcs100_mid_k100,7,10,0.002764002485911138,0.5243055555555556,105120
BTCUSDT,grid_nl7_mcs100_mid_k100,7,11,0.002899429524555169,0.5232876712328767,105120
BTCUSDT,grid_nl7_mcs100_mid_k100,7,12,0.0030291641796311177,0.523896499238965,105120
BTCUSDT,grid_nl7_mcs300_strong_k100,7,1,0.0008754963731420074,0.5153729071537291,105120
BTCUSDT,grid_nl7_mcs300_strong_k100,7,2,0.0012465896602110419,0.5199866818873669,105120
BTCUSDT,grid_nl7_mcs300_strong_k100,7,3,0.001522222304300405,0.5236681887366819,105120
BTCUSDT,grid_nl7_mcs300_strong_k100,7,4,0.001756632560904819,0.5242960426179605,105120
BTCUSDT,grid_nl7_mcs300_strong_k100,7,5,0.001962653466172276,0.5241533485540335,105120
BTCUSDT,grid_nl7_mcs300_strong_k100,7,6,0.0021474563981328425,0.5244292237442922,105120
BTCUSDT,grid_nl7_mcs300_strong_k100,7,7,0.002316522049364336,0.5231830289193303,105120
BTCUSDT,grid_nl7_mcs300_strong_k100,7,8,0.002473461070666204,0.5227549467275495,105120
BTCUSDT,grid_nl7_mcs300_strong_k100,7,9,0.002620488476206423,0.52242199391172,105120
BTCUSDT,grid_nl7_mcs300_strong_k100,7,10,0.002763562403025415,0.5232876712328767,105120
BTCUSDT,grid_nl7_mcs300_strong_k100,7,11,0.0028987854074513856,0.5241057838660579,105120
BTCUSDT,grid_nl7_mcs300_strong_k100,7,12,0.0030282839946567104,0.5252283105022831,105120
BTCUSDT,grid_nl7_mcs100_none_k100,7,1,0.00087558759879483,0.5164288432267884,105120
BTCUSDT,grid_nl7_mcs100_none_k100,7,2,0.0012466136517343726,0.5207952815829529,105120
BTCUSDT,grid_nl7_mcs100_none_k100,7,3,0.0015222714947483505,0.5238013698630137,105120
BTCUSDT,grid_nl7_mcs100_none_k100,7,4,0.0017565638647632905,0.5255612633181126,105120
BTCUSDT,grid_nl7_mcs100_none_k100,7,5,0.0019625200280776445,0.5239155251141553,105120
BTCUSDT,grid_nl7_mcs100_none_k100,7,6,0.002147426511508066,0.5243055555555556,105120
BTCUSDT,grid_nl7_mcs100_none_k100,7,7,0.0023167757773662504,0.5236396499238964,105120
BTCUSDT,grid_nl7_mcs100_none_k100,7,8,0.002473147579514668,0.5223078386605784,105120
BTCUSDT,grid_nl7_mcs100_none_k100,7,9,0.002620577015910093,0.5227549467275495,105120
BTCUSDT,grid_nl7_mcs100_none_k100,7,10,0.0027637179769631117,0.5238394216133943,105120
BTCUSDT,grid_nl7_mcs100_none_k100,7,11,0.00289925345207615,0.5239916286149163,105120
BTCUSDT,grid_nl7_mcs100_none_k100,7,12,0.0030288733715277344,0.5236967275494673,105120
BTCUSDT,default,8,1,0.0006885597827943219,0.5117177097203728,15020
BTCUSDT,default,8,2,0.0009767701870929478,0.5140840380901645,15017
BTCUSDT,default,8,3,0.0011869926102827822,0.5231404408337218,15017
BTCUSDT,default,8,4,0.0013730641092988887,0.5318327117741076,15016
BTCUSDT,default,8,5,0.0015346194576346143,0.5251098974290662,15014
BTCUSDT,default,8,6,0.0016863980403854263,0.5294078465330048,15013
BTCUSDT,default,8,7,0.0018213354194109423,0.5303090860644818,15012
BTCUSDT,default,8,8,0.0019447082406443437,0.5352741323029778,15011
BTCUSDT,default,8,9,0.002060230627203386,0.5305129913391072,15010
BTCUSDT,default,8,10,0.002172748256512148,0.5212206009727497,15009
BTCUSDT,default,8,11,0.0022761710963302203,0.5300506396588486,15008
BTCUSDT,default,8,12,0.0023771625978006453,0.5267541813820217,15007
BTCUSDT,reg_strong,8,1,0.0006885135166524346,0.5075898801597869,15020
BTCUSDT,reg_strong,8,2,0.0009757813283541165,0.5224745288672837,15017
BTCUSDT,reg_strong,8,3,0.0011866700216739449,0.520010654591463,15017
BTCUSDT,reg_strong,8,4,0.0013739907524407062,0.5250399573787959,15016
BTCUSDT,reg_strong,8,5,0.0015335431914234776,0.525975755961103,15014
BTCUSDT,reg_strong,8,6,0.0016866928471222585,0.5239459135415973,15013
BTCUSDT,reg_strong,8,7,0.001821301378808998,0.5261124433786304,15012
BTCUSDT,reg_strong,8,8,0.0019440908112095098,0.5334088335220838,15011
BTCUSDT,reg_strong,8,9,0.0020590339908405485,0.5295802798134577,15010
BTCUSDT,reg_strong,8,10,0.0021694339403064335,0.534612565793857,15009
BTCUSDT,reg_strong,8,11,0.002275632556996941,0.5290511727078892,15008
BTCUSDT,reg_strong,8,12,0.0023721451910859964,0.5248883854201373,15007
BTCUSDT,grid_nl7_mcs100_mid_k100,8,1,0.0006888324972770777,0.5125166444740347,15020
BTCUSDT,grid_nl7_mcs100_mid_k100,8,2,0.0009770793744041972,0.5186122394619431,15017
BTCUSDT,grid_nl7_mcs100_mid_k100,8,3,0.0011881689163330165,0.5223413464739961,15017
BTCUSDT,grid_nl7_mcs100_mid_k100,8,4,0.0013756450573240125,0.5222429408630794,15016
BTCUSDT,grid_nl7_mcs100_mid_k100,8,5,0.0015364082148439722,0.5235113893699214,15014
BTCUSDT,grid_nl7_mcs100_mid_k100,8,6,0.001688441602092111,0.5264104442816226,15013
BTCUSDT,grid_nl7_mcs100_mid_k100,8,7,0.0018244223162343092,0.5278443911537437,15012
BTCUSDT,grid_nl7_mcs100_mid_k100,8,8,0.0019487690233818313,0.5258810205849044,15011
BTCUSDT,grid_nl7_mcs100_mid_k100,8,9,0.002062173774672837,0.5267155229846768,15010
BTCUSDT,grid_nl7_mcs100_mid_k100,8,10,0.0021720105002075375,0.5272170031314545,15009
BTCUSDT,grid_nl7_mcs100_mid_k100,8,11,0.002275810826154569,0.5285181236673774,15008
BTCUSDT,grid_nl7_mcs100_mid_k100,8,12,0.0023721759653788843,0.5280202572133005,15007
BTCUSDT,grid_nl7_mcs300_strong_k100,8,1,0.000688825006187069,0.5111850865512649,15020
BTCUSDT,grid_nl7_mcs300_strong_k100,8,2,0.0009771507949703122,0.5169474595458481,15017
BTCUSDT,grid_nl7_mcs300_strong_k100,8,3,0.0011880169377984486,0.5228740760471465,15017
BTCUSDT,grid_nl7_mcs300_strong_k100,8,4,0.0013755868592321176,0.5198454981353223,15016
BTCUSDT,grid_nl7_mcs300_strong_k100,8,5,0.0015360821372555834,0.523244971360064,15014
BTCUSDT,grid_nl7_mcs300_strong_k100,8,6,0.0016887085731871394,0.5238793046026777,15013
BTCUSDT,grid_nl7_mcs300_strong_k100,8,7,0.0018241154740112552,0.5279776179056754,15012
BTCUSDT,grid_nl7_mcs300_strong_k100,8,8,0.0019481232160609805,0.527279994670575,15011
BTCUSDT,grid_nl7_mcs300_strong_k100,8,9,0.0020621171174806372,0.5284477015323118,15010
BTCUSDT,grid_nl7_mcs300_strong_k100,8,10,0.0021710091652541964,0.5301485775201545,15009
BTCUSDT,grid_nl7_mcs300_strong_k100,8,11,0.002276278236953651,0.5297841151385928,15008
BTCUSDT,grid_nl7_mcs300_strong_k100,8,12,0.0023719815475544683,0.5296195108949157,15007
BTCUSDT,grid_nl7_mcs100_none_k100,8,1,0.0006888284597163441,0.510918774966711,15020
BTCUSDT,grid_nl7_mcs100_none_k100,8,2,0.0009773483462244483,0.5158820003995471,15017
BTCUSDT,grid_nl7_mcs100_none_k100,8,3,0.0011881504408933707,0.5185456482652994,15017
BTCUSDT,grid_nl7_mcs100_none_k100,8,4,0.0013761831618572236,0.519579115610016,15016
BTCUSDT,grid_nl7_mcs100_none_k100,8,5,0.0015365412586291298,0.5233781803649927,15014
BTCUSDT,grid_nl7_mcs100_none_k100,8,6,0.0016890626937964487,0.5234130420302404,15013
BTCUSDT,grid_nl7_mcs100_none_k100,8,7,0.0018247853596888048,0.5258459898747668,15012
BTCUSDT,grid_nl7_mcs100_none_k100,8,8,0.0019496123439271629,0.5244154286856305,15011
BTCUSDT,grid_nl7_mcs100_none_k100,8,9,0.0020629436143144273,0.5303797468354431,15010
BTCUSDT,grid_nl7_mcs100_none_k100,8,10,0.0021721854815975636,0.5299486974481977,15009
BTCUSDT,grid_nl7_mcs100_none_k100,8,11,0.002276644865445257,0.5262526652452025,15008
BTCUSDT,grid_nl7_mcs100_none_k100,8,12,0.002372428118264339,0.5278203505030985,15007
