cell,num_leaves,min_child_samples,subsample,n_estimators,mae,directional_accuracy,n_folds,n_test_total,da_pct,delta_vs_default_pp,mae_vs_default_pct
nl7_mcs100_mid,7,100,mid,100,0.002934758539423956,0.5381660736267668,5,1573531,53.816607362676685,0.46125560919995223,-1.2838035969216177
nl7_mcs300_strong,7,300,strong,100,0.0029345193312415034,0.537629064823,5,1573531,53.7629064823,0.40755472882326416,-1.2918498200105044
nl7_mcs100_none,7,100,none,100,0.0029348516036576443,0.5376201676357186,5,1573531,53.762016763571864,0.4066650100951321,-1.2806732040639313
nl7_mcs500_strong,7,500,strong,100,0.0029346454998096256,0.5376125414751918,5,1573531,53.761254147519175,0.40590239404244244,-1.2876058997753903
nl7_mcs100_strong,7,100,strong,100,0.0029346524848272264,0.5374276070824153,5,1573531,53.74276070824153,0.3874089547648012,-1.2873709453966597
nl7_mcs300_none,7,300,none,100,0.00293522199074863,0.5373971024403078,5,1573531,53.73971024403078,0.3843584905540496,-1.2682145283917312
nl7_mcs300_mid,7,300,mid,100,0.0029349114933024585,0.5372966913267041,5,1573531,53.72966913267041,0.3743173791936769,-1.2786587017256323
nl7_mcs500_none,7,500,none,100,0.002935133248034476,0.5370876074255925,5,1573531,53.70876074255925,0.35340898908251717,-1.271199558704128
nl7_mcs500_mid,7,500,mid,100,0.0029352485630211715,0.5370431214891858,5,1573531,53.704312148918575,0.34896039544184276,-1.267320719364562
nl15_mcs100_mid,15,100,mid,100,0.0029380232078469633,0.5370323177617727,5,1573531,53.703231776177276,0.34788002270054363,-1.173990252856949
nl15_mcs300_strong,15,300,strong,100,0.002937187765578937,0.5368181497536433,5,1573531,53.681814975364325,0.32646322188759314,-1.2020919456899426
nl15_mcs100_strong,15,100,strong,100,0.002936884709375622,0.5367526918757877,5,1573531,53.67526918757876,0.319917434102031,-1.2122858186392027
nl7_mcs100_none,7,100,none,200,0.00294090574416525,0.5367355330146022,5,1573531,53.67355330146022,0.31820154798348455,-1.0770306503845584
nl15_mcs300_mid,15,300,mid,100,0.002938021606077765,0.5366491031952977,5,1573531,53.66491031952977,0.30955856605303467,-1.1740441314165073
nl15_mcs500_strong,15,500,strong,100,0.0029372159772034223,0.5365982621251186,5,1573531,53.65982621251186,0.30447445903512715,-1.2011429939359441
nl7_mcs100_mid,7,100,mid,200,0.0029409304805048256,0.5365722060766518,5,1573531,53.65722060766518,0.30186885418844867,-1.0761985964615417
nl15_mcs500_mid,15,500,mid,100,0.0029385096354475337,0.5365537761887119,5,1573531,53.65537761887119,0.30002586539445986,-1.157628333500127
nl31_mcs300_mid,31,300,mid,100,0.0029419749518484264,0.5364501875082219,5,1573531,53.645018750822196,0.28966699734546353,-1.0410658123134686
nl15_mcs300_none,15,300,none,100,0.00293797990323107,0.5363586735818996,5,1573531,53.63586735818996,0.28051560471323,-1.1754468861404854
nl7_mcs300_none,7,300,none,200,0.0029409452091697925,0.5363580380685223,5,1573531,53.63580380685223,0.28045205337549817,-1.075703169746156
nl7_mcs500_strong,7,500,strong,200,0.0029397233729439726,0.5363377016404507,5,1573531,53.63377016404507,0.27841841056833516,-1.1168019597216028
nl7_mcs300_strong,7,300,strong,200,0.0029396647641034205,0.5362989353244391,5,1573531,53.62989353244391,0.27454177896717624,-1.1187733797676347
nl7_mcs100_strong,7,100,strong,200,0.002940464405642,0.5362665241421999,5,1573531,53.62665241421999,0.27130066074325754,-1.0918759126969935
nl31_mcs300_strong,31,300,strong,100,0.002939980749847046,0.5362449166873738,5,1573531,53.624491668737384,0.2691399152606522,-1.108144597089511
nl7_mcs500_none,7,500,none,200,0.002940629169247507,0.5361813653496499,5,1573531,53.61813653496499,0.2627847814882571,-1.0863337748267643
nl15_mcs100_none,15,100,none,100,0.0029383338214109987,0.5361305242794708,5,1573531,53.61305242794708,0.2577006744703496,-1.1635421736773899
nl31_mcs100_strong,31,100,strong,100,0.002941567223137487,0.5361241691456984,5,1573531,53.612416914569835,0.2570651610931023,-1.0547805445367708
nl31_mcs100_mid,31,100,mid,100,0.002941419954150898,0.5361000196373633,5,1573531,53.61000196373633,0.254650210259598,-1.0597342175592495
nl15_mcs500_none,15,500,none,100,0.002938590354766452,0.5360841318029324,5,1573531,53.60841318029323,0.253061426816501,-1.1549131853771044
nl63_mcs500_strong,63,500,strong,100,0.002942362133359153,0.5360072346842865,5,1573531,53.60072346842865,0.245371714951915,-1.0280422243272302
nl15_mcs300_strong,15,300,strong,200,0.0029456323051592656,0.5358731413616891,5,1573531,53.58731413616891,0.23196238269217417,-0.9180437636855387
nl31_mcs500_strong,31,500,strong,100,0.0029401481896394878,0.5358267488851507,5,1573531,53.58267488851507,0.22732313503833979,-1.1025124405715792
nl7_mcs100_none,7,100,none,300,0.0029464586943095073,0.5358184872112466,5,1573531,53.58184872112466,0.22649696764792537,-0.8902465897222434
nl31_mcs500_mid,31,500,mid,100,0.002942321870461244,0.5358121320774741,5,1573531,53.58121320774741,0.22586145427067805,-1.0293965436296126
nl15_mcs500_strong,15,500,strong,200,0.002946805920389262,0.5357917956494025,5,1573531,53.57917956494025,0.22382781146351505,-0.8785669788019979
nl31_mcs500_none,31,500,none,100,0.002942256644566313,0.5357485807397503,5,1573531,53.57485807397503,0.2195063204982972,-1.0315905409101656
nl7_mcs300_mid,7,300,mid,200,0.002940318678665968,0.5356437210325059,5,1573531,53.56437210325059,0.20902034977385853,-1.0967777172556703
nl7_mcs100_mid,7,100,mid,300,0.0029469834872674237,0.5356411789789969,5,1573531,53.564117897899685,0.2087661444229525,-0.872594178456132
nl7_mcs500_mid,7,500,mid,200,0.0029408110816006488,0.5355916089355723,5,1573531,53.559160893557234,0.20380914008050155,-1.0802148061485384
nl15_mcs100_strong,15,100,strong,200,0.0029466955364630355,0.5355706369941234,5,1573531,53.557063699412346,0.2017119459356138,-0.8822799525253
nl63_mcs300_strong,63,300,strong,100,0.002943426356731588,0.5355452164590339,5,1573531,53.554521645903385,0.19916989242665295,-0.9922450430468022
nl31_mcs100_none,31,100,none,100,0.0029429429134445557,0.5355331417048663,5,1573531,53.55331417048663,0.19796241700989725,-1.0085065793304038
nl63_mcs500_mid,63,500,mid,100,0.002945769563117488,0.5354505249658252,5,1573531,53.54505249658252,0.18970074310578866,-0.9134268306807414
nl7_mcs500_strong,7,500,strong,300,0.002944939361060201,0.5353742633605566,5,1573531,53.53742633605566,0.1820745825789274,-0.9413522590389745
nl31_mcs300_none,31,300,none,100,0.0029416297423588682,0.5353634596331436,5,1573531,53.53634596331436,0.18099420983762826,-1.0526775913793252
nl63_mcs100_strong,63,100,strong,100,0.0029452347467399122,0.5353405811515629,5,1573531,53.53405811515629,0.17870636167955922,-0.9314163987692692
nl7_mcs100_mid,7,100,mid,400,0.00295284741177793,0.5353075344559465,5,1573531,53.53075344559465,0.1754016921179158,-0.6753499023442133
nl63_mcs300_mid,63,300,mid,100,0.0029462790547566307,0.5352770298138391,5,1573531,53.527702981383904,0.17235122790717128,-0.8962891084321467
nl31_mcs300_strong,31,300,strong,200,0.002952809794761949,0.5352338149041869,5,1573531,53.523381490418686,0.16802973694195344,-0.6766152223655286
nl63_mcs500_none,63,500,none,100,0.002945149120923137,0.5352211046366421,5,1573531,53.522110463664205,0.166758710187473,-0.9342965862982888
nl31_mcs300_mid,31,300,mid,200,0.0029532884897151175,0.5352090298824745,5,1573531,53.52090298824746,0.16555123477072442,-0.6605134053406125
nl7_mcs100_strong,7,100,strong,300,0.002947000708977891,0.5351683570263313,5,1573531,53.516835702633124,0.1614839491563913,-0.872014893404216
nl15_mcs300_mid,15,300,mid,200,0.002946938730777761,0.5351562822721637,5,1573531,53.515628227216375,0.1602764737396427,-0.874099648280835
nl15_mcs500_strong,15,500,strong,300,0.0029536620731346725,0.5351245066033018,5,1573531,53.51245066033018,0.15709890685344874,-0.6479472150655585
nl7_mcs300_none,7,300,none,300,0.002946780401926223,0.5351003570949666,5,1573531,53.51003570949666,0.15468395601993024,-0.8794253409382335
nl7_mcs500_strong,7,500,strong,400,0.002949180633589927,0.5351003570949666,5,1573531,53.51003570949666,0.15468395601993024,-0.7986889746770531
nl15_mcs100_strong,15,100,strong,300,0.002954521478791293,0.5350819272070267,5,1573531,53.508192720702674,0.15284096722594143,-0.6190394679888578
nl7_mcs300_strong,7,300,strong,300,0.0029459277518306313,0.5350723945063681,5,1573531,53.50723945063681,0.15188769716007755,-0.9081058518452978
nl15_mcs500_mid,15,500,mid,200,0.002948028968725614,0.5350437964043924,5,1573531,53.50437964043924,0.14902788696250724,-0.8374274171788154
nl15_mcs300_strong,15,300,strong,300,0.0029544594693715846,0.534978974039914,5,1573531,53.4978974039914,0.14254565051466983,-0.6211252729954819
nl15_mcs300_none,15,300,none,200,0.0029500767104378846,0.5349605441519741,5,1573531,53.49605441519741,0.14070266172068102,-0.7685477221934356
nl15_mcs100_mid,15,100,mid,200,0.0029499858525717064,0.5349192357824536,5,1573531,53.49192357824536,0.13657182476863028,-0.7716038996751329
nl15_mcs100_none,15,100,none,200,0.0029481167326566846,0.5349147871888129,5,1573531,53.49147871888129,0.13612696540455715,-0.8344753101007463
nl7_mcs300_strong,7,300,strong,400,0.0029512637826166776,0.5347997592675326,5,1573531,53.47997592675326,0.12462417327652986,-0.7286182871914737
nl31_mcs100_strong,31,100,strong,200,0.002957280108826991,0.5347101518813421,5,1573531,53.47101518813421,0.11566343465747764,-0.5262476894663082
nl31_mcs500_strong,31,500,strong,200,0.002951007700381582,0.5347012546940607,5,1573531,53.47012546940607,0.1147737159293385,-0.7372321011988148
nl15_mcs500_none,15,500,none,200,0.002947625055274195,0.5346987126405517,5,1573531,53.46987126405517,0.11451951057843957,-0.8510138158772107
nl15_mcs500_strong,15,500,strong,400,0.002960624229995672,0.5346548622175222,5,1573531,53.46548622175222,0.1101344682754899,-0.4137618008834498
nl31_mcs300_mid,31,300,mid,300,0.0029649682144494076,0.5346256286021692,5,1573531,53.46256286021692,0.10721110674018774,-0.2676436052137521
nl7_mcs100_none,7,100,none,400,0.0029534447635422736,0.5346103762811155,5,1573531,53.461037628111555,0.1056858746348226,-0.6552568373446532
nl31_mcs500_none,31,500,none,200,0.0029541086527435645,0.5345938529333073,5,1573531,53.45938529333073,0.10403353985400088,-0.632925658849337
nl31_mcs100_mid,31,100,mid,200,0.00295721621559591,0.5345887688262894,5,1573531,53.458876882628935,0.10352512915220302,-0.5283968600585331
nl7_mcs300_none,7,300,none,400,0.0029518686245114467,0.5345608062376909,5,1573531,53.45608062376909,0.10072887029235744,-0.7082732773806999
nl7_mcs300_mid,7,300,mid,300,0.002948307630241826,0.534537292242733,5,1573531,53.4537292242733,0.09837747079657078,-0.8280541060205593
nl15_mcs100_strong,15,100,strong,400,0.0029643357407948137,0.5345252174885655,5,1573531,53.452521748856554,0.09716999537982218,-0.28891806192558045
nl63_mcs300_none,63,300,none,100,0.0029461807538976206,0.5345144137611525,5,1573531,53.45144137611525,0.09608962263851595,-0.8995956451622655
nl63_mcs100_mid,63,100,mid,100,0.002947367988824371,0.5344775539852726,5,1573531,53.44775539852726,0.09240364505053122,-0.8596607358225983
nl7_mcs500_none,7,500,none,300,0.002946837893153101,0.5344762829585181,5,1573531,53.447628295851814,0.09227654237508176,-0.8774915139580397
nl63_mcs500_strong,63,500,strong,200,0.0029570870899605244,0.5344597596107099,5,1573531,53.44597596107099,0.09062420759426004,-0.5327402468864983
nl31_mcs300_strong,31,300,strong,300,0.002963594497276196,0.5344451428030335,5,1573531,53.444514280303345,0.08916252682661252,-0.31385120030253955
nl7_mcs500_mid,7,500,mid,300,0.0029465469541122063,0.534438787669261,5,1573531,53.4438787669261,0.0885270134493652,-0.8872778030569406
nl15_mcs500_mid,15,500,mid,300,0.0029554008991025137,0.5344197222679439,5,1573531,53.44197222679439,0.08662047331765876,-0.5894584898616495
nl7_mcs100_strong,7,100,strong,400,0.0029542621732964,0.5343479092563159,5,1573531,53.43479092563159,0.07943917215485641,-0.6277617024822213
nl31_mcs500_mid,31,500,mid,200,0.0029552951211111135,0.5342951616460051,5,1573531,53.42951616460051,0.0741644111237747,-0.5930165341892946
nl31_mcs100_strong,31,100,strong,300,0.0029682176754051675,0.5342792738115741,5,1573531,53.42792738115742,0.07257562768068482,-0.15834179329163867
nl15_mcs500_mid,15,500,mid,400,0.0029619739989801773,0.5342494046828439,5,1573531,53.42494046828439,0.06958871480765794,-0.36835974876118227
nl31_mcs500_strong,31,500,strong,300,0.0029604577290689212,0.534241778522317,5,1573531,53.4241778522317,0.06882609875496826,-0.4193623768646182
nl7_mcs500_none,7,500,none,400,0.002952045636009412,0.5342411430089398,5,1573531,53.424114300893976,0.06876254741724352,-0.7023191583061639
nl15_mcs300_strong,15,300,strong,400,0.0029628960477259794,0.5342195355541136,5,1573531,53.42195355541136,0.06660180193463106,-0.33734488199750334
nl15_mcs300_none,15,300,none,300,0.002958238762775886,0.5341928439922696,5,1573531,53.41928439922696,0.06393264575022783,-0.49400153693605064
nl15_mcs300_mid,15,300,mid,300,0.002954931443048213,0.5341076851997196,5,1573531,53.41076851997196,0.05541676649522742,-0.605249538916075
nl7_mcs500_mid,7,500,mid,400,0.002951980130856097,0.534103236606079,5,1573531,53.410323660607894,0.0549719071311614,-0.704522548974662
nl31_mcs300_mid,31,300,mid,400,0.0029730082832140296,0.534031423594451,5,1573531,53.4031423594451,0.04779060596836615,0.002799430082256471
nl7_mcs300_mid,7,300,mid,400,0.0029537365735228557,0.5340250684606785,5,1573531,53.40250684606785,0.04715509259111883,-0.645441252529555
nl15_mcs100_none,15,100,none,300,0.002959621561535648,0.534023797433924,5,1573531,53.4023797433924,0.047027989915669366,-0.44748846537638887
nl15_mcs500_none,15,500,none,300,0.002956476202180907,0.5340193488402835,5,1573531,53.40193488402834,0.04658313055161045,-0.5532886215561139
nl31_mcs100_none,31,100,none,200,0.0029607104594703685,0.5339513489089188,5,1573531,53.39513489089188,0.03978313741514938,-0.4108613081698187
nl15_mcs100_mid,15,100,mid,300,0.002959377336740324,0.5339507133955416,5,1573531,53.39507133955416,0.03971958607742465,-0.4557034317996256
nl63_mcs300_mid,63,300,mid,200,0.002964173051246228,0.5339418162082603,5,1573531,53.39418162082603,0.03882986734929972,-0.2943904349386295
nl31_mcs300_strong,31,300,strong,400,0.0029746707196571386,0.5339392741547513,5,1573531,53.393927415475126,0.038575661998393684,0.05871864804209981
nl31_mcs100_mid,31,100,mid,300,0.002967362606259275,0.533898601298608,5,1573531,53.3898601298608,0.034508376384067674,-0.18710367356569169
nl15_mcs300_none,15,300,none,400,0.002965667954473671,0.5338808069240454,5,1573531,53.388080692404536,0.0327289389278036,-0.24410651596489252
nl31_mcs300_none,31,300,none,200,0.002956419535253252,0.5338776293571591,5,1573531,53.38776293571591,0.032411182239179936,-0.5551947216610564
nl31_mcs500_mid,31,500,mid,300,0.002965610294347531,0.5338700031966322,5,1573531,53.38700031966322,0.03164856618649026,-0.24604602419364685
nl63_mcs300_strong,63,300,strong,200,0.0029624031351269827,0.5337231996064901,5,1573531,53.37231996064901,0.016968207172276095,-0.3539249366352082
nl15_mcs300_mid,15,300,mid,400,0.0029630855230248954,0.5337085827988136,5,1573531,53.37085827988136,0.015506526404628573,-0.33097151922504287
nl63_mcs500_none,63,500,none,200,0.00296225727588426,0.5337034986917957,5,1573531,53.37034986917957,0.014998115702837822,-0.35883119023609744
nl15_mcs100_none,15,100,none,400,0.0029693775282716556,0.5336806202102151,5,1573531,53.368062021021515,0.012710267544782994,-0.11932793173239364
nl31_mcs100_strong,31,100,strong,400,0.0029787939579960935,0.5336660034025387,5,1573531,53.36660034025387,0.011248586777135472,0.1974116274532367
nl15_mcs500_none,15,500,none,400,0.0029634001690600755,0.5336621903222752,5,1573531,53.36621903222753,0.010867278750794185,-0.32038780019363333
nl63_mcs100_none,63,100,none,100,0.0029488157556441367,0.533661554808898,5,1573531,53.3661554808898,0.010803727413069453,-0.8109623397515309
nl31_mcs500_strong,31,500,strong,400,0.0029713572739421238,0.5336221529795091,5,1573531,53.36221529795091,0.0068635444741786955,-0.05273541319679165
nl63_mcs100_strong,63,100,strong,200,0.002963668319831847,0.5336183398992457,5,1573531,53.36183398992457,0.006482236447837408,-0.31136803795553947
nl63_mcs500_mid,63,500,mid,200,0.002961275708794982,0.5336100782253416,5,1573531,53.361007822534155,0.005656069057422997,-0.39184806990995025
nl31_mcs500_none,31,500,none,300,0.0029649011273084783,0.5335662278023121,5,1573531,53.35662278023121,0.001271026754480431,-0.26990020905053314
nl31_mcs100_none,31,100,none,300,0.002972925058255626,0.5335535175347673,5,1573531,53.35535175347673,0.0,0.0
nl63_mcs300_mid,63,300,mid,300,0.002978813612676015,0.5335344521334502,5,1573531,53.35344521334502,-0.001906540131713541,0.19807275006937797
nl63_mcs100_mid,63,100,mid,200,0.0029652620505678175,0.5335001344110792,5,1573531,53.350013441107926,-0.0053383123688064416,-0.2577598673915049
nl15_mcs100_mid,15,100,mid,400,0.0029687081779012593,0.5334804334963849,5,1573531,53.34804334963849,-0.007308403838244715,-0.14184280705821228
nl31_mcs500_mid,31,500,mid,400,0.0029764846820376713,0.5334524709077864,5,1573531,53.345247090778635,-0.0101046626980974,0.11973472967845566
nl63_mcs500_strong,63,500,strong,300,0.0029705024410296905,0.5333952747038349,5,1573531,53.33952747038349,-0.01582428309324513,-0.08148934730823898
nl31_mcs300_none,31,300,none,300,0.002968478761967262,0.5332935925634766,5,1573531,53.329359256347665,-0.02599249712906726,-0.14955964920867482
nl63_mcs500_none,63,500,none,300,0.0029765828127338197,0.5331715739950468,5,1573531,53.31715739950468,-0.0381943539720524,0.12303554265642447
nl63_mcs100_none,63,100,none,200,0.0029648111681190937,0.5331677609147834,5,1573531,53.31677609147833,-0.03857566199840079,-0.2729261578256259
nl63_mcs300_none,63,300,none,200,0.002964891256748545,0.5331378917860532,5,1573531,53.31378917860532,-0.04156257487141346,-0.2702322241447508
nl63_mcs100_strong,63,100,strong,300,0.002976421272841912,0.5331328076790353,5,1573531,53.31328076790353,-0.04207098557320421,0.11760184053672962
nl31_mcs100_none,31,100,none,400,0.0029827611255486045,0.5331309011389035,5,1573531,53.31309011389035,-0.04226163958638551,0.33085486852970636
nl63_mcs300_strong,63,300,strong,300,0.0029761592985347576,0.5331289945987718,5,1573531,53.31289945987719,-0.0424522935995455,0.10878983545683507
nl63_mcs500_strong,63,500,strong,400,0.0029818564669537254,0.5330406582393357,5,1573531,53.30406582393357,-0.05128592954316247,0.3004249526336933
nl31_mcs500_none,31,500,none,400,0.0029748998986867596,0.5330400227259584,5,1573531,53.30400227259584,-0.051349480880894305,0.06642752146239772
nl63_mcs300_none,63,300,none,300,0.002976785743728782,0.5330381161858266,5,1573531,53.303811618582664,-0.0515401348940685,0.1298615134086578
nl31_mcs300_none,31,300,none,400,0.0029789638884147895,0.5330057050035875,5,1573531,53.300570500358745,-0.054781253117987205,0.20312756093174844
nl31_mcs100_mid,31,100,mid,400,0.0029770139578818196,0.5328963967027024,5,1573531,53.28963967027024,-0.06571208320649191,0.13753793136623838
nl63_mcs500_none,63,500,none,400,0.0029863274657421436,0.5328639855204632,5,1573531,53.28639855204632,-0.06895320143041062,0.45081551750858484
nl63_mcs300_mid,63,300,mid,400,0.0029895389355784627,0.532727985657734,5,1573531,53.27279856577341,-0.08255318770332565,0.558839425726565
nl63_mcs300_strong,63,300,strong,400,0.002986208659231245,0.5327051071761535,5,1573531,53.27051071761535,-0.08484103586138048,0.44681923409846114
nl63_mcs100_mid,63,100,mid,300,0.002977925363577836,0.5326352007046572,5,1573531,53.26352007046572,-0.09183168301101574,0.16819479886733824
nl63_mcs500_mid,63,500,mid,300,0.002973588457824717,0.5325246213770177,5,1573531,53.25246213770177,-0.1028896157749628,0.022314708783155446
nl63_mcs300_none,63,300,none,400,0.002988031849703792,0.5325074625158323,5,1573531,53.25074625158322,-0.10460550189350926,0.5081457201961959
nl63_mcs100_mid,63,100,mid,400,0.002990164698647952,0.5323384159574867,5,1573531,53.233841595748665,-0.12151015772806772,0.5798881591196681
nl63_mcs100_none,63,100,none,300,0.002978196296311951,0.5323346028772232,5,1573531,53.23346028772232,-0.12189146575440901,0.17730813771059672
nl63_mcs100_strong,63,100,strong,400,0.0029882521452605287,0.532323163636433,5,1573531,53.23231636364329,-0.12303538983343998,0.5155557810762934
nl63_mcs500_mid,63,500,mid,400,0.0029843945713988783,0.5321414068105427,5,1573531,53.21414068105427,-0.14121107242246467,0.38579893265060505
nl63_mcs100_none,63,100,none,400,0.0029888277643565484,0.5317575567306904,5,1573531,53.175755673069034,-0.17959608040769837,0.5349178263596599
