symbol,horizon,mae_technical_only,directional_accuracy_technical_only,mae_with_news,directional_accuracy_with_news,mae_delta,directional_accuracy_delta
BTCUSDT,1,0.0011769860904093075,0.523687073484324,0.00117708214582485,0.5243269587101248,9.605541554237422e-08,0.0006398852258008292
BTCUSDT,2,0.0016441809367275346,0.5300641452640585,0.0016444972492104333,0.5300021806768201,3.163124828987028e-07,-6.196458723839449e-05
BTCUSDT,3,0.001998079535035355,0.5321825862613431,0.0019989288577953912,0.531242365923269,8.493227600363945e-07,-0.0009402203380740604
BTCUSDT,4,0.0023022375632396077,0.5324635549925459,0.002302647097540803,0.5332357732490726,4.0953430119512746e-07,0.0007722182565266245
BTCUSDT,5,0.002567345977901019,0.5333725809392492,0.0025673642626937404,0.5332498328600184,1.8284792721590115e-08,-0.00012274807923084996
BTCUSDT,6,0.002805510178284682,0.5328312833023277,0.002809906339134779,0.5327407093135087,4.396160850096958e-06,-9.057398881895384e-05
BTCUSDT,7,0.003020005266682831,0.533709385044615,0.003018789687136237,0.5342623788985172,-1.2155795465940318e-06,0.0005529938539022838
BTCUSDT,8,0.0032297522020631074,0.5320394019391094,0.0032304206356532366,0.533514888951129,6.684335901291881e-07,0.001475487012019605
BTCUSDT,9,0.0034208393030305292,0.5319843007505176,0.0034248417319314994,0.5338090464958565,4.002428900970207e-06,0.0018247457453388627
BTCUSDT,10,0.003615950870464738,0.5312784193507247,0.0036204923085832365,0.5310853316519606,4.541438118498345e-06,-0.00019308769876413834
BTCUSDT,11,0.003798089726794391,0.5311899191034753,0.0037955834403961366,0.5319467968575866,-2.50628639825428e-06,0.0007568777541112626
BTCUSDT,12,0.003964882689431877,0.531600848204122,0.003961583988636242,0.5323494038374204,-3.2987007956356007e-06,0.0007485556332983423
