symbol,variant,fold,test_start,test_end,horizon,mae,directional_accuracy,n_train,n_test
BTCUSDT,technical_only,0,2018-08-02 11:00:00+00:00,2019-08-02 11:00:00+00:00,1,0.0012742320529093363,0.5231951138044567,25676,104785
BTCUSDT,technical_only,0,2018-08-02 11:00:00+00:00,2019-08-02 11:00:00+00:00,2,0.0017698780794437095,0.5343195266272189,25676,104780
BTCUSDT,technical_only,0,2018-08-02 11:00:00+00:00,2019-08-02 11:00:00+00:00,3,0.0021402106638579977,0.5395943688857074,25676,104775
BTCUSDT,technical_only,0,2018-08-02 11:00:00+00:00,2019-08-02 11:00:00+00:00,4,0.00245706468404566,0.5366517132767014,25676,104770
BTCUSDT,technical_only,0,2018-08-02 11:00:00+00:00,2019-08-02 11:00:00+00:00,5,0.002744361659727183,0.5425857872381044,25676,104765
BTCUSDT,technical_only,0,2018-08-02 11:00:00+00:00,2019-08-02 11:00:00+00:00,6,0.003010343308095606,0.5420675830469645,25676,104760
BTCUSDT,technical_only,0,2018-08-02 11:00:00+00:00,2019-08-02 11:00:00+00:00,7,0.0032465355523207066,0.5448045439358503,25676,104755
BTCUSDT,technical_only,0,2018-08-02 11:00:00+00:00,2019-08-02 11:00:00+00:00,8,0.0034759405665455963,0.5441050119331742,25676,104750
BTCUSDT,technical_only,0,2018-08-02 11:00:00+00:00,2019-08-02 11:00:00+00:00,9,0.003678407835498968,0.5454389230989546,25676,104745
BTCUSDT,technical_only,0,2018-08-02 11:00:00+00:00,2019-08-02 11:00:00+00:00,10,0.003920395433118992,0.538982241741455,25676,104740
BTCUSDT,technical_only,0,2018-08-02 11:00:00+00:00,2019-08-02 11:00:00+00:00,11,0.004111958956598788,0.5393039576072945,25676,104735
BTCUSDT,technical_only,0,2018-08-02 11:00:00+00:00,2019-08-02 11:00:00+00:00,12,0.004322919192053477,0.5439320156593145,25676,104730
BTCUSDT,with_news,0,2018-08-02 11:00:00+00:00,2019-08-02 11:00:00+00:00,1,0.0012733998607708404,0.5248842868731212,25676,104785
BTCUSDT,with_news,0,2018-08-02 11:00:00+00:00,2019-08-02 11:00:00+00:00,2,0.0017720215772547784,0.5338900553540752,25676,104780
BTCUSDT,with_news,0,2018-08-02 11:00:00+00:00,2019-08-02 11:00:00+00:00,3,0.0021425120751773336,0.5382009067048437,25676,104775
BTCUSDT,with_news,0,2018-08-02 11:00:00+00:00,2019-08-02 11:00:00+00:00,4,0.002462496964296561,0.5394483153574496,25676,104770
BTCUSDT,with_news,0,2018-08-02 11:00:00+00:00,2019-08-02 11:00:00+00:00,5,0.0027495144162187186,0.5399131389299862,25676,104765
BTCUSDT,with_news,0,2018-08-02 11:00:00+00:00,2019-08-02 11:00:00+00:00,6,0.0030216574009148903,0.5415903016418481,25676,104760
BTCUSDT,with_news,0,2018-08-02 11:00:00+00:00,2019-08-02 11:00:00+00:00,7,0.003259078228198487,0.5464751085867023,25676,104755
BTCUSDT,with_news,0,2018-08-02 11:00:00+00:00,2019-08-02 11:00:00+00:00,8,0.0034865081127926946,0.5457470167064439,25676,104750
BTCUSDT,with_news,0,2018-08-02 11:00:00+00:00,2019-08-02 11:00:00+00:00,9,0.003700834642297747,0.544264642703709,25676,104745
BTCUSDT,with_news,0,2018-08-02 11:00:00+00:00,2019-08-02 11:00:00+00:00,10,0.00392661786839765,0.5414645789574184,25676,104740
BTCUSDT,with_news,0,2018-08-02 11:00:00+00:00,2019-08-02 11:00:00+00:00,11,0.004116646783056152,0.5436196114002005,25676,104735
BTCUSDT,with_news,0,2018-08-02 11:00:00+00:00,2019-08-02 11:00:00+00:00,12,0.004325760838652035,0.5419077628186766,25676,104730
BTCUSDT,technical_only,1,2019-08-02 11:00:00+00:00,2020-08-01 11:00:00+00:00,1,0.0012509898307157983,0.535028868635778,130466,104785
BTCUSDT,technical_only,1,2019-08-02 11:00:00+00:00,2020-08-01 11:00:00+00:00,2,0.0017151145000218677,0.5402330664172481,130466,104777
BTCUSDT,technical_only,1,2019-08-02 11:00:00+00:00,2020-08-01 11:00:00+00:00,3,0.002071621114275176,0.5406561101089062,130466,104769
BTCUSDT,technical_only,1,2019-08-02 11:00:00+00:00,2020-08-01 11:00:00+00:00,4,0.0023813294614626022,0.5419001345920714,130466,104761
BTCUSDT,technical_only,1,2019-08-02 11:00:00+00:00,2020-08-01 11:00:00+00:00,5,0.0026568146106931865,0.5452254350710719,130466,104753
BTCUSDT,technical_only,1,2019-08-02 11:00:00+00:00,2020-08-01 11:00:00+00:00,6,0.0028936591881813484,0.5455821280252041,130466,104745
BTCUSDT,technical_only,1,2019-08-02 11:00:00+00:00,2020-08-01 11:00:00+00:00,7,0.0031234684753971066,0.5435710398426535,130466,104737
BTCUSDT,technical_only,1,2019-08-02 11:00:00+00:00,2020-08-01 11:00:00+00:00,8,0.0033478413594923862,0.5405570567846537,130466,104729
BTCUSDT,technical_only,1,2019-08-02 11:00:00+00:00,2020-08-01 11:00:00+00:00,9,0.003535526201872877,0.5447331480791818,130466,104721
BTCUSDT,technical_only,1,2019-08-02 11:00:00+00:00,2020-08-01 11:00:00+00:00,10,0.003732863020167303,0.5414895953702024,130466,104713
BTCUSDT,technical_only,1,2019-08-02 11:00:00+00:00,2020-08-01 11:00:00+00:00,11,0.003938888468383754,0.5420371519984719,130466,104705
BTCUSDT,technical_only,1,2019-08-02 11:00:00+00:00,2020-08-01 11:00:00+00:00,12,0.004092451563107115,0.5446383372971527,130466,104697
BTCUSDT,with_news,1,2019-08-02 11:00:00+00:00,2020-08-01 11:00:00+00:00,1,0.0012517933748295526,0.5332060886577278,130466,104785
BTCUSDT,with_news,1,2019-08-02 11:00:00+00:00,2020-08-01 11:00:00+00:00,2,0.0017154684703984957,0.5402712427345696,130466,104777
BTCUSDT,with_news,1,2019-08-02 11:00:00+00:00,2020-08-01 11:00:00+00:00,3,0.002072802256377913,0.5397398085311494,130466,104769
BTCUSDT,with_news,1,2019-08-02 11:00:00+00:00,2020-08-01 11:00:00+00:00,4,0.002383520060846253,0.5402773933047603,130466,104761
BTCUSDT,with_news,1,2019-08-02 11:00:00+00:00,2020-08-01 11:00:00+00:00,5,0.0026601078687242515,0.5423520090116751,130466,104753
BTCUSDT,with_news,1,2019-08-02 11:00:00+00:00,2020-08-01 11:00:00+00:00,6,0.002913253132652751,0.5423934316673827,130466,104745
BTCUSDT,with_news,1,2019-08-02 11:00:00+00:00,2020-08-01 11:00:00+00:00,7,0.0031139915617373394,0.5485454042029082,130466,104737
BTCUSDT,with_news,1,2019-08-02 11:00:00+00:00,2020-08-01 11:00:00+00:00,8,0.0033445352734033404,0.5431542361714521,130466,104729
BTCUSDT,with_news,1,2019-08-02 11:00:00+00:00,2020-08-01 11:00:00+00:00,9,0.0035293492802877515,0.5499374528509086,130466,104721
BTCUSDT,with_news,1,2019-08-02 11:00:00+00:00,2020-08-01 11:00:00+00:00,10,0.003762393158845335,0.5379370278761949,130466,104713
BTCUSDT,with_news,1,2019-08-02 11:00:00+00:00,2020-08-01 11:00:00+00:00,11,0.003917403965735471,0.5448163889021537,130466,104705
BTCUSDT,with_news,1,2019-08-02 11:00:00+00:00,2020-08-01 11:00:00+00:00,12,0.004109935828397499,0.5411711892413346,130466,104697
BTCUSDT,technical_only,2,2020-08-01 11:00:00+00:00,2021-08-01 11:00:00+00:00,1,0.0017794963810535583,0.5337971788028975,235259,104920
BTCUSDT,technical_only,2,2020-08-01 11:00:00+00:00,2021-08-01 11:00:00+00:00,2,0.002471131957951236,0.5407337508221097,235259,104913
BTCUSDT,technical_only,2,2020-08-01 11:00:00+00:00,2021-08-01 11:00:00+00:00,3,0.0029989209223837666,0.538739442929861,235259,104906
BTCUSDT,technical_only,2,2020-08-01 11:00:00+00:00,2021-08-01 11:00:00+00:00,4,0.0034722136798105764,0.5379269583122813,235259,104899
BTCUSDT,technical_only,2,2020-08-01 11:00:00+00:00,2021-08-01 11:00:00+00:00,5,0.003865260218632161,0.534816763909545,235259,104892
BTCUSDT,technical_only,2,2020-08-01 11:00:00+00:00,2021-08-01 11:00:00+00:00,6,0.004199503620755416,0.5321542641941174,235259,104885
BTCUSDT,technical_only,2,2020-08-01 11:00:00+00:00,2021-08-01 11:00:00+00:00,7,0.004490100364770554,0.5333435038806995,235259,104878
BTCUSDT,technical_only,2,2020-08-01 11:00:00+00:00,2021-08-01 11:00:00+00:00,8,0.004779556066997383,0.5279152482573829,235259,104871
BTCUSDT,technical_only,2,2020-08-01 11:00:00+00:00,2021-08-01 11:00:00+00:00,9,0.0050618899524964055,0.5274546078730546,235259,104864
BTCUSDT,technical_only,2,2020-08-01 11:00:00+00:00,2021-08-01 11:00:00+00:00,10,0.005330591175579825,0.5306655731138599,235259,104857
BTCUSDT,technical_only,2,2020-08-01 11:00:00+00:00,2021-08-01 11:00:00+00:00,11,0.005599441258312407,0.5272579876013352,235259,104850
BTCUSDT,technical_only,2,2020-08-01 11:00:00+00:00,2021-08-01 11:00:00+00:00,12,0.005840073205666254,0.5278082466163693,235259,104843
BTCUSDT,with_news,2,2020-08-01 11:00:00+00:00,2021-08-01 11:00:00+00:00,1,0.0017788154301669405,0.5360941669843691,235259,104920
BTCUSDT,with_news,2,2020-08-01 11:00:00+00:00,2021-08-01 11:00:00+00:00,2,0.002471351832657141,0.5381220630427116,235259,104913
BTCUSDT,with_news,2,2020-08-01 11:00:00+00:00,2021-08-01 11:00:00+00:00,3,0.002997745075501888,0.5391969954054106,235259,104906
BTCUSDT,with_news,2,2020-08-01 11:00:00+00:00,2021-08-01 11:00:00+00:00,4,0.0034671870096057767,0.5390327839159572,235259,104899
BTCUSDT,with_news,2,2020-08-01 11:00:00+00:00,2021-08-01 11:00:00+00:00,5,0.003860462892421299,0.5358273271555505,235259,104892
BTCUSDT,with_news,2,2020-08-01 11:00:00+00:00,2021-08-01 11:00:00+00:00,6,0.004188206491631364,0.5344329503742193,235259,104885
BTCUSDT,with_news,2,2020-08-01 11:00:00+00:00,2021-08-01 11:00:00+00:00,7,0.004474111118858502,0.5330097827952478,235259,104878
BTCUSDT,with_news,2,2020-08-01 11:00:00+00:00,2021-08-01 11:00:00+00:00,8,0.004786965279324896,0.5305089109477358,235259,104871
BTCUSDT,with_news,2,2020-08-01 11:00:00+00:00,2021-08-01 11:00:00+00:00,9,0.005082777495602678,0.5294572017088801,235259,104864
BTCUSDT,with_news,2,2020-08-01 11:00:00+00:00,2021-08-01 11:00:00+00:00,10,0.005339032292738707,0.5294925469925709,235259,104857
BTCUSDT,with_news,2,2020-08-01 11:00:00+00:00,2021-08-01 11:00:00+00:00,11,0.005610572850852949,0.5238912732474964,235259,104850
BTCUSDT,with_news,2,2020-08-01 11:00:00+00:00,2021-08-01 11:00:00+00:00,12,0.005852355865923579,0.5281993075360301,235259,104843
BTCUSDT,technical_only,3,2021-08-01 11:00:00+00:00,2022-08-01 11:00:00+00:00,1,0.0014325947319215153,0.5239623000761615,340186,105040
BTCUSDT,technical_only,3,2021-08-01 11:00:00+00:00,2022-08-01 11:00:00+00:00,2,0.002012682344146535,0.5274757706734705,340186,105038
BTCUSDT,technical_only,3,2021-08-01 11:00:00+00:00,2022-08-01 11:00:00+00:00,3,0.0024539737110756805,0.5272763623900377,340186,105036
BTCUSDT,technical_only,3,2021-08-01 11:00:00+00:00,2022-08-01 11:00:00+00:00,4,0.0028323174415973208,0.5292286307290972,340186,105034
BTCUSDT,technical_only,3,2021-08-01 11:00:00+00:00,2022-08-01 11:00:00+00:00,5,0.0031588437266699895,0.5263729149211669,340186,105032
BTCUSDT,technical_only,3,2021-08-01 11:00:00+00:00,2022-08-01 11:00:00+00:00,6,0.0034583984585587453,0.5261449109778159,340186,105030
BTCUSDT,technical_only,3,2021-08-01 11:00:00+00:00,2022-08-01 11:00:00+00:00,7,0.0037379020950119557,0.5271070571657082,340186,105028
BTCUSDT,technical_only,3,2021-08-01 11:00:00+00:00,2022-08-01 11:00:00+00:00,8,0.004009038227585762,0.5250604612191266,340186,105026
BTCUSDT,technical_only,3,2021-08-01 11:00:00+00:00,2022-08-01 11:00:00+00:00,9,0.004268361402430815,0.5243944241316271,340186,105024
BTCUSDT,technical_only,3,2021-08-01 11:00:00+00:00,2022-08-01 11:00:00+00:00,10,0.004507994907156,0.5222524804326713,340186,105022
BTCUSDT,technical_only,3,2021-08-01 11:00:00+00:00,2022-08-01 11:00:00+00:00,11,0.0047367391699136945,0.5244048752618549,340186,105020
BTCUSDT,technical_only,3,2021-08-01 11:00:00+00:00,2022-08-01 11:00:00+00:00,12,0.004933160300452969,0.5251575920318422,340186,105018
BTCUSDT,with_news,3,2021-08-01 11:00:00+00:00,2022-08-01 11:00:00+00:00,1,0.0014337685800519145,0.5240955826351866,340186,105040
BTCUSDT,with_news,3,2021-08-01 11:00:00+00:00,2022-08-01 11:00:00+00:00,2,0.002011951204810426,0.529513128582037,340186,105038
BTCUSDT,with_news,3,2021-08-01 11:00:00+00:00,2022-08-01 11:00:00+00:00,3,0.0024545141040104583,0.5267527323965117,340186,105036
BTCUSDT,with_news,3,2021-08-01 11:00:00+00:00,2022-08-01 11:00:00+00:00,4,0.0028318574834626463,0.5306472189957537,340186,105034
BTCUSDT,with_news,3,2021-08-01 11:00:00+00:00,2022-08-01 11:00:00+00:00,5,0.0031554970256030203,0.529676669967248,340186,105032
BTCUSDT,with_news,3,2021-08-01 11:00:00+00:00,2022-08-01 11:00:00+00:00,6,0.003458240278669932,0.5276206798057698,340186,105030
BTCUSDT,with_news,3,2021-08-01 11:00:00+00:00,2022-08-01 11:00:00+00:00,7,0.0037354524655252314,0.5257740792931409,340186,105028
BTCUSDT,with_news,3,2021-08-01 11:00:00+00:00,2022-08-01 11:00:00+00:00,8,0.004000703371089981,0.5285929198484185,340186,105026
BTCUSDT,with_news,3,2021-08-01 11:00:00+00:00,2022-08-01 11:00:00+00:00,9,0.004256280574398663,0.5278983851310177,340186,105024
BTCUSDT,with_news,3,2021-08-01 11:00:00+00:00,2022-08-01 11:00:00+00:00,10,0.004502578355649595,0.525166155662623,340186,105022
BTCUSDT,with_news,3,2021-08-01 11:00:00+00:00,2022-08-01 11:00:00+00:00,11,0.004716024632994996,0.5272614740049515,340186,105020
BTCUSDT,with_news,3,2021-08-01 11:00:00+00:00,2022-08-01 11:00:00+00:00,12,0.004927764434006735,0.5276714467995962,340186,105018
BTCUSDT,technical_only,4,2022-08-01 11:00:00+00:00,2023-08-01 11:00:00+00:00,1,0.0008802443501919116,0.5258936471841907,445228,105103
BTCUSDT,technical_only,4,2022-08-01 11:00:00+00:00,2023-08-01 11:00:00+00:00,2,0.001226993236920258,0.5319974881543643,445228,105102
BTCUSDT,technical_only,4,2022-08-01 11:00:00+00:00,2023-08-01 11:00:00+00:00,3,0.0015046951815680405,0.53582744217467,445228,105101
BTCUSDT,technical_only,4,2022-08-01 11:00:00+00:00,2023-08-01 11:00:00+00:00,4,0.0017317454139045947,0.5365746907706945,445228,105100
BTCUSDT,technical_only,4,2022-08-01 11:00:00+00:00,2023-08-01 11:00:00+00:00,5,0.0019327440548772092,0.5366368852225045,445228,105099
BTCUSDT,technical_only,4,2022-08-01 11:00:00+00:00,2023-08-01 11:00:00+00:00,6,0.0021272451901569937,0.541428000532836,445228,105098
BTCUSDT,technical_only,4,2022-08-01 11:00:00+00:00,2023-08-01 11:00:00+00:00,7,0.0022796047791175003,0.5434503363559379,445228,105097
BTCUSDT,technical_only,4,2022-08-01 11:00:00+00:00,2023-08-01 11:00:00+00:00,8,0.0024552213922300493,0.5381175306386542,445228,105096
BTCUSDT,technical_only,4,2022-08-01 11:00:00+00:00,2023-08-01 11:00:00+00:00,9,0.0025896678742502615,0.53789428612208,445228,105095
BTCUSDT,technical_only,4,2022-08-01 11:00:00+00:00,2023-08-01 11:00:00+00:00,10,0.0027609913756645576,0.538974632234,445228,105094
BTCUSDT,technical_only,4,2022-08-01 11:00:00+00:00,2023-08-01 11:00:00+00:00,11,0.002906710580425192,0.5403309449725481,445228,105093
BTCUSDT,technical_only,4,2022-08-01 11:00:00+00:00,2023-08-01 11:00:00+00:00,12,0.0030430626366839885,0.5365489285578351,445228,105092
BTCUSDT,with_news,4,2022-08-01 11:00:00+00:00,2023-08-01 11:00:00+00:00,1,0.000880347318877189,0.5283769254921363,445228,105103
BTCUSDT,with_news,4,2022-08-01 11:00:00+00:00,2023-08-01 11:00:00+00:00,2,0.0012280283070989,0.5316835074499058,445228,105102
BTCUSDT,with_news,4,2022-08-01 11:00:00+00:00,2023-08-01 11:00:00+00:00,3,0.0015083937788670882,0.5319074033548682,445228,105101
BTCUSDT,with_news,4,2022-08-01 11:00:00+00:00,2023-08-01 11:00:00+00:00,4,0.0017332727934763678,0.537535680304472,445228,105100
BTCUSDT,with_news,4,2022-08-01 11:00:00+00:00,2023-08-01 11:00:00+00:00,5,0.0019319180758290218,0.5391583173959791,445228,105099
BTCUSDT,with_news,4,2022-08-01 11:00:00+00:00,2023-08-01 11:00:00+00:00,6,0.0021440264489077,0.5386115815714857,445228,105098
BTCUSDT,with_news,4,2022-08-01 11:00:00+00:00,2023-08-01 11:00:00+00:00,7,0.0022858683176667253,0.5416710277172517,445228,105097
BTCUSDT,with_news,4,2022-08-01 11:00:00+00:00,2023-08-01 11:00:00+00:00,8,0.002451253092552899,0.5386408616883611,445228,105096
BTCUSDT,with_news,4,2022-08-01 11:00:00+00:00,2023-08-01 11:00:00+00:00,9,0.00259285731401495,0.5406822398782054,445228,105095
BTCUSDT,with_news,4,2022-08-01 11:00:00+00:00,2023-08-01 11:00:00+00:00,10,0.002755710525832125,0.5365482330104477,445228,105094
BTCUSDT,with_news,4,2022-08-01 11:00:00+00:00,2023-08-01 11:00:00+00:00,11,0.0029062530271298805,0.5395792298250122,445228,105093
BTCUSDT,with_news,4,2022-08-01 11:00:00+00:00,2023-08-01 11:00:00+00:00,12,0.0029842537656333914,0.5404312411981883,445228,105092
BTCUSDT,technical_only,5,2023-08-01 11:00:00+00:00,2024-07-31 11:00:00+00:00,1,0.0009270437770405018,0.5183028919330289,550332,105120
BTCUSDT,technical_only,5,2023-08-01 11:00:00+00:00,2024-07-31 11:00:00+00:00,2,0.0013018456758700466,0.5254566210045662,550332,105120
BTCUSDT,technical_only,5,2023-08-01 11:00:00+00:00,2024-07-31 11:00:00+00:00,3,0.0015815736177225103,0.5297564687975647,550332,105120
BTCUSDT,technical_only,5,2023-08-01 11:00:00+00:00,2024-07-31 11:00:00+00:00,4,0.0018170247033911782,0.5318112633181127,550332,105120
BTCUSDT,technical_only,5,2023-08-01 11:00:00+00:00,2024-07-31 11:00:00+00:00,5,0.0020206288830522216,0.5350076103500762,550332,105120
BTCUSDT,technical_only,5,2023-08-01 11:00:00+00:00,2024-07-31 11:00:00+00:00,6,0.002203322434886637,0.5335616438356164,550332,105120
BTCUSDT,technical_only,5,2023-08-01 11:00:00+00:00,2024-07-31 11:00:00+00:00,7,0.0023745438083108113,0.5339992389649924,550332,105120
BTCUSDT,technical_only,5,2023-08-01 11:00:00+00:00,2024-07-31 11:00:00+00:00,8,0.0025339503320431192,0.5357020547945206,550332,105120
BTCUSDT,technical_only,5,2023-08-01 11:00:00+00:00,2024-07-31 11:00:00+00:00,9,0.0026838882722367667,0.5334950532724505,550332,105120
BTCUSDT,technical_only,5,2023-08-01 11:00:00+00:00,2024-07-31 11:00:00+00:00,10,0.0028277603857256146,0.5353881278538812,550332,105120
BTCUSDT,technical_only,5,2023-08-01 11:00:00+00:00,2024-07-31 11:00:00+00:00,11,0.002962676083230719,0.5352264079147641,550332,105120
BTCUSDT,technical_only,5,2023-08-01 11:00:00+00:00,2024-07-31 11:00:00+00:00,12,0.003090373865951048,0.5362252663622527,550332,105120
BTCUSDT,with_news,5,2023-08-01 11:00:00+00:00,2024-07-31 11:00:00+00:00,1,0.0009269196146733646,0.518597792998478,550332,105120
BTCUSDT,with_news,5,2023-08-01 11:00:00+00:00,2024-07-31 11:00:00+00:00,2,0.0013017267513954424,0.5245243531202435,550332,105120
BTCUSDT,with_news,5,2023-08-01 11:00:00+00:00,2024-07-31 11:00:00+00:00,3,0.0015808802284266565,0.5297469558599696,550332,105120
BTCUSDT,with_news,5,2023-08-01 11:00:00+00:00,2024-07-31 11:00:00+00:00,4,0.0018169067014602142,0.5305650684931507,550332,105120
BTCUSDT,with_news,5,2023-08-01 11:00:00+00:00,2024-07-31 11:00:00+00:00,5,0.0020200242912409246,0.5344463470319635,550332,105120
BTCUSDT,with_news,5,2023-08-01 11:00:00+00:00,2024-07-31 11:00:00+00:00,6,0.0022035505979120422,0.5340563165905632,550332,105120
BTCUSDT,with_news,5,2023-08-01 11:00:00+00:00,2024-07-31 11:00:00+00:00,7,0.0023749840403364864,0.5336377473363775,550332,105120
BTCUSDT,with_news,5,2023-08-01 11:00:00+00:00,2024-07-31 11:00:00+00:00,8,0.0025352160482403924,0.5355498477929985,550332,105120
BTCUSDT,with_news,5,2023-08-01 11:00:00+00:00,2024-07-31 11:00:00+00:00,9,0.002685487769178,0.5352644596651446,550332,105120
BTCUSDT,with_news,5,2023-08-01 11:00:00+00:00,2024-07-31 11:00:00+00:00,10,0.002828758818432395,0.5346936834094368,550332,105120
BTCUSDT,with_news,5,2023-08-01 11:00:00+00:00,2024-07-31 11:00:00+00:00,11,0.0029639188771177815,0.5356164383561643,550332,105120
BTCUSDT,with_news,5,2023-08-01 11:00:00+00:00,2024-07-31 11:00:00+00:00,12,0.0030968169255294296,0.5342180365296804,550332,105120
BTCUSDT,technical_only,6,2024-07-31 11:00:00+00:00,2025-07-31 11:00:00+00:00,1,0.0009945577176499556,0.5131754185692542,655452,105120
BTCUSDT,technical_only,6,2024-07-31 11:00:00+00:00,2025-07-31 11:00:00+00:00,2,0.0014080570110504816,0.5175608828006089,655452,105120
BTCUSDT,technical_only,6,2024-07-31 11:00:00+00:00,2025-07-31 11:00:00+00:00,3,0.0017098776688748054,0.5201674277016742,655452,105120
BTCUSDT,technical_only,6,2024-07-31 11:00:00+00:00,2025-07-31 11:00:00+00:00,4,0.001967605893684222,0.5179509132420091,655452,105120
BTCUSDT,technical_only,6,2024-07-31 11:00:00+00:00,2025-07-31 11:00:00+00:00,5,0.002196153667481239,0.5185787671232877,655452,105120
BTCUSDT,technical_only,6,2024-07-31 11:00:00+00:00,2025-07-31 11:00:00+00:00,6,0.0024011201397588244,0.5173040334855403,655452,105120
BTCUSDT,technical_only,6,2024-07-31 11:00:00+00:00,2025-07-31 11:00:00+00:00,7,0.0025889999712081714,0.5181221461187214,655452,105120
BTCUSDT,technical_only,6,2024-07-31 11:00:00+00:00,2025-07-31 11:00:00+00:00,8,0.0027616947868183087,0.5200627853881279,655452,105120
BTCUSDT,technical_only,6,2024-07-31 11:00:00+00:00,2025-07-31 11:00:00+00:00,9,0.0029255426371246054,0.518968797564688,655452,105120
BTCUSDT,technical_only,6,2024-07-31 11:00:00+00:00,2025-07-31 11:00:00+00:00,10,0.0030803600049926034,0.52095700152207,655452,105120
BTCUSDT,technical_only,6,2024-07-31 11:00:00+00:00,2025-07-31 11:00:00+00:00,11,0.003225350869814651,0.5201674277016742,655452,105120
BTCUSDT,technical_only,6,2024-07-31 11:00:00+00:00,2025-07-31 11:00:00+00:00,12,0.0033659569971644,0.5170852359208523,655452,105120
BTCUSDT,with_news,6,2024-07-31 11:00:00+00:00,2025-07-31 11:00:00+00:00,1,0.0009947501691001742,0.5131754185692542,655452,105120
BTCUSDT,with_news,6,2024-07-31 11:00:00+00:00,2025-07-31 11:00:00+00:00,2,0.001407432265136777,0.5184836377473364,655452,105120
BTCUSDT,with_news,6,2024-07-31 11:00:00+00:00,2025-07-31 11:00:00+00:00,3,0.0017105018810157967,0.5202720700152207,655452,105120
BTCUSDT,with_news,6,2024-07-31 11:00:00+00:00,2025-07-31 11:00:00+00:00,4,0.001967593936757362,0.5202530441400305,655452,105120
BTCUSDT,with_news,6,2024-07-31 11:00:00+00:00,2025-07-31 11:00:00+00:00,5,0.00219665553502811,0.5195300608828006,655452,105120
BTCUSDT,with_news,6,2024-07-31 11:00:00+00:00,2025-07-31 11:00:00+00:00,6,0.0024007726186479612,0.5179794520547946,655452,105120
BTCUSDT,with_news,6,2024-07-31 11:00:00+00:00,2025-07-31 11:00:00+00:00,7,0.0025883209312776126,0.5175513698630136,655452,105120
BTCUSDT,with_news,6,2024-07-31 11:00:00+00:00,2025-07-31 11:00:00+00:00,8,0.0027628137390169876,0.5204718417047184,655452,105120
BTCUSDT,with_news,6,2024-07-31 11:00:00+00:00,2025-07-31 11:00:00+00:00,9,0.0029263787737967063,0.5195205479452055,655452,105120
BTCUSDT,with_news,6,2024-07-31 11:00:00+00:00,2025-07-31 11:00:00+00:00,10,0.0030819179181545172,0.5193302891933029,655452,105120
BTCUSDT,with_news,6,2024-07-31 11:00:00+00:00,2025-07-31 11:00:00+00:00,11,0.003230208768201021,0.5176369863013699,655452,105120
BTCUSDT,with_news,6,2024-07-31 11:00:00+00:00,2025-07-31 11:00:00+00:00,12,0.0033639069793934785,0.5206525875190259,655452,105120
BTCUSDT,technical_only,7,2025-07-31 11:00:00+00:00,2026-07-31 11:00:00+00:00,1,0.0008763376539558148,0.5161395437991183,760572,104340
BTCUSDT,technical_only,7,2025-07-31 11:00:00+00:00,2026-07-31 11:00:00+00:00,2,0.0012472782964534769,0.5227479657654377,760572,104339
BTCUSDT,technical_only,7,2025-07-31 11:00:00+00:00,2026-07-31 11:00:00+00:00,3,0.0015232557617119078,0.525455730414614,760572,104338
BTCUSDT,technical_only,7,2025-07-31 11:00:00+00:00,2026-07-31 11:00:00+00:00,4,0.0017581167186096814,0.5276843305826313,760572,104337
BTCUSDT,technical_only,7,2025-07-31 11:00:00+00:00,2026-07-31 11:00:00+00:00,5,0.0019635514726951686,0.5277852323263303,760572,104336
BTCUSDT,technical_only,7,2025-07-31 11:00:00+00:00,2026-07-31 11:00:00+00:00,6,0.0021501443388898278,0.5244165428667273,760572,104335
BTCUSDT,technical_only,7,2025-07-31 11:00:00+00:00,2026-07-31 11:00:00+00:00,7,0.0023186571659670344,0.5252841834876455,760572,104334
BTCUSDT,technical_only,7,2025-07-31 11:00:00+00:00,2026-07-31 11:00:00+00:00,8,0.0024746182777365083,0.5248003987233186,760572,104333
BTCUSDT,technical_only,7,2025-07-31 11:00:00+00:00,2026-07-31 11:00:00+00:00,9,0.00262337927393736,0.5235114825748571,760572,104332
BTCUSDT,technical_only,7,2025-07-31 11:00:00+00:00,2026-07-31 11:00:00+00:00,10,0.0027667399548374,0.5215036758010563,760572,104331
BTCUSDT,technical_only,7,2025-07-31 11:00:00+00:00,2026-07-31 11:00:00+00:00,11,0.0029032234454637127,0.5207706316495735,760572,104330
BTCUSDT,technical_only,7,2025-07-31 11:00:00+00:00,2026-07-31 11:00:00+00:00,12,0.003031517379157003,0.5214178224654699,760572,104329
BTCUSDT,with_news,7,2025-07-31 11:00:00+00:00,2026-07-31 11:00:00+00:00,1,0.0008764694953395679,0.5161778800076673,760572,104340
BTCUSDT,with_news,7,2025-07-31 11:00:00+00:00,2026-07-31 11:00:00+00:00,2,0.0012475359056435622,0.5235434497167886,760572,104339
BTCUSDT,with_news,7,2025-07-31 11:00:00+00:00,2026-07-31 11:00:00+00:00,3,0.0015235718765930191,0.5241331058674692,760572,104338
BTCUSDT,with_news,7,2025-07-31 11:00:00+00:00,2026-07-31 11:00:00+00:00,4,0.0017578652760897116,0.5281443783125833,760572,104337
BTCUSDT,with_news,7,2025-07-31 11:00:00+00:00,2026-07-31 11:00:00+00:00,5,0.0019643455963158584,0.5250920104278485,760572,104336
BTCUSDT,with_news,7,2025-07-31 11:00:00+00:00,2026-07-31 11:00:00+00:00,6,0.0021492006376433136,0.5252503953610965,760572,104335
BTCUSDT,with_news,7,2025-07-31 11:00:00+00:00,2026-07-31 11:00:00+00:00,7,0.0023182713336820132,0.5274694730385109,760572,104334
BTCUSDT,with_news,7,2025-07-31 11:00:00+00:00,2026-07-31 11:00:00+00:00,8,0.0024752401298416,0.5254617426892738,760572,104333
BTCUSDT,with_news,7,2025-07-31 11:00:00+00:00,2026-07-31 11:00:00+00:00,9,0.002624750636621372,0.523453973852701,760572,104332
BTCUSDT,with_news,7,2025-07-31 11:00:00+00:00,2026-07-31 11:00:00+00:00,10,0.0027670882221747703,0.5240532535871409,760572,104331
BTCUSDT,with_news,7,2025-07-31 11:00:00+00:00,2026-07-31 11:00:00+00:00,11,0.002903903238364901,0.5231572893702674,760572,104330
BTCUSDT,with_news,7,2025-07-31 11:00:00+00:00,2026-07-31 11:00:00+00:00,12,0.0030324937133456727,0.5245425528855832,760572,104329
