symbol,fold,test_start,test_end,horizon,mae,directional_accuracy,n_train,n_test
ETHUSDT,0,2018-08-02 11:20:00+00:00,2019-08-02 11:20:00+00:00,1,0.0017512981245567446,0.5043660829317174,25676,104785
ETHUSDT,0,2018-08-02 11:20:00+00:00,2019-08-02 11:20:00+00:00,2,0.0024890850415511933,0.5116816186295094,25676,104780
ETHUSDT,0,2018-08-02 11:20:00+00:00,2019-08-02 11:20:00+00:00,3,0.003112924391731876,0.51137198759246,25676,104775
ETHUSDT,0,2018-08-02 11:20:00+00:00,2019-08-02 11:20:00+00:00,4,0.0038917906934830874,0.5091533836021762,25676,104770
ETHUSDT,0,2018-08-02 11:20:00+00:00,2019-08-02 11:20:00+00:00,5,0.004227604203264026,0.5131293848136305,25676,104765
ETHUSDT,0,2018-08-02 11:20:00+00:00,2019-08-02 11:20:00+00:00,6,0.004885234296005043,0.5076365024818633,25676,104760
ETHUSDT,0,2018-08-02 11:20:00+00:00,2019-08-02 11:20:00+00:00,7,0.005404307540652988,0.5119946541931173,25676,104755
ETHUSDT,0,2018-08-02 11:20:00+00:00,2019-08-02 11:20:00+00:00,8,0.006129888158585842,0.5103198090692124,25676,104750
ETHUSDT,0,2018-08-02 11:20:00+00:00,2019-08-02 11:20:00+00:00,9,0.00655502908839598,0.5082820182347606,25676,104745
ETHUSDT,0,2018-08-02 11:20:00+00:00,2019-08-02 11:20:00+00:00,10,0.006633941304946976,0.5110273057093756,25676,104740
ETHUSDT,0,2018-08-02 11:20:00+00:00,2019-08-02 11:20:00+00:00,11,0.007118572216341332,0.512923091612164,25676,104735
ETHUSDT,0,2018-08-02 11:20:00+00:00,2019-08-02 11:20:00+00:00,12,0.007450417084399525,0.5135586746872911,25676,104730
ETHUSDT,1,2019-08-02 11:20:00+00:00,2020-08-01 11:20:00+00:00,1,0.0015695130882809685,0.5160376008016414,130466,104785
ETHUSDT,1,2019-08-02 11:20:00+00:00,2020-08-01 11:20:00+00:00,2,0.002189995443765141,0.5242467335388492,130466,104777
ETHUSDT,1,2019-08-02 11:20:00+00:00,2020-08-01 11:20:00+00:00,3,0.0026605804658798565,0.5306817856426996,130466,104769
ETHUSDT,1,2019-08-02 11:20:00+00:00,2020-08-01 11:20:00+00:00,4,0.0030745266175166213,0.5326218726434455,130466,104761
ETHUSDT,1,2019-08-02 11:20:00+00:00,2020-08-01 11:20:00+00:00,5,0.003428484651883365,0.534877282750852,130466,104753
ETHUSDT,1,2019-08-02 11:20:00+00:00,2020-08-01 11:20:00+00:00,6,0.003741465131123858,0.5389660604324789,130466,104745
ETHUSDT,1,2019-08-02 11:20:00+00:00,2020-08-01 11:20:00+00:00,7,0.004018123187834234,0.5405635066881809,130466,104737
ETHUSDT,1,2019-08-02 11:20:00+00:00,2020-08-01 11:20:00+00:00,8,0.004301405161893914,0.5379407804905996,130466,104729
ETHUSDT,1,2019-08-02 11:20:00+00:00,2020-08-01 11:20:00+00:00,9,0.004547189440844452,0.5392232694492987,130466,104721
ETHUSDT,1,2019-08-02 11:20:00+00:00,2020-08-01 11:20:00+00:00,10,0.004797095682234841,0.5398661102250915,130466,104713
ETHUSDT,1,2019-08-02 11:20:00+00:00,2020-08-01 11:20:00+00:00,11,0.005020404277718261,0.5408910749247887,130466,104705
ETHUSDT,1,2019-08-02 11:20:00+00:00,2020-08-01 11:20:00+00:00,12,0.005247984965327996,0.5394996991317803,130466,104697
ETHUSDT,2,2020-08-01 11:20:00+00:00,2021-08-01 11:20:00+00:00,1,0.0023428384439418103,0.523131910026687,235259,104920
ETHUSDT,2,2020-08-01 11:20:00+00:00,2021-08-01 11:20:00+00:00,2,0.0032625141328698616,0.5266840143738145,235259,104913
ETHUSDT,2,2020-08-01 11:20:00+00:00,2021-08-01 11:20:00+00:00,3,0.0039848711309613885,0.5292166320324863,235259,104906
ETHUSDT,2,2020-08-01 11:20:00+00:00,2021-08-01 11:20:00+00:00,4,0.004608471665870106,0.5289564247514276,235259,104899
ETHUSDT,2,2020-08-01 11:20:00+00:00,2021-08-01 11:20:00+00:00,5,0.005156113987984474,0.5303931663043893,235259,104892
ETHUSDT,2,2020-08-01 11:20:00+00:00,2021-08-01 11:20:00+00:00,6,0.005597958456566266,0.5323449492301092,235259,104885
ETHUSDT,2,2020-08-01 11:20:00+00:00,2021-08-01 11:20:00+00:00,7,0.00603165575637071,0.5282137340528995,235259,104878
ETHUSDT,2,2020-08-01 11:20:00+00:00,2021-08-01 11:20:00+00:00,8,0.0064467790282651425,0.5273717233553604,235259,104871
ETHUSDT,2,2020-08-01 11:20:00+00:00,2021-08-01 11:20:00+00:00,9,0.006898668834639173,0.5307827281049741,235259,104864
ETHUSDT,2,2020-08-01 11:20:00+00:00,2021-08-01 11:20:00+00:00,10,0.007225906284540104,0.5270606635703864,235259,104857
ETHUSDT,2,2020-08-01 11:20:00+00:00,2021-08-01 11:20:00+00:00,11,0.00767249156337671,0.529938006676204,235259,104850
ETHUSDT,2,2020-08-01 11:20:00+00:00,2021-08-01 11:20:00+00:00,12,0.007960344388759135,0.5259864750150225,235259,104843
ETHUSDT,3,2021-08-01 11:20:00+00:00,2022-08-01 11:20:00+00:00,1,0.001829499566688644,0.5212300076161462,340186,105040
ETHUSDT,3,2021-08-01 11:20:00+00:00,2022-08-01 11:20:00+00:00,2,0.002586632412091572,0.5212494525790666,340186,105038
ETHUSDT,3,2021-08-01 11:20:00+00:00,2022-08-01 11:20:00+00:00,3,0.0031687012364623383,0.5213736242811988,340186,105036
ETHUSDT,3,2021-08-01 11:20:00+00:00,2022-08-01 11:20:00+00:00,4,0.0036600361064124637,0.5214787592589066,340186,105034
ETHUSDT,3,2021-08-01 11:20:00+00:00,2022-08-01 11:20:00+00:00,5,0.00410714789262721,0.5185276868002132,340186,105032
ETHUSDT,3,2021-08-01 11:20:00+00:00,2022-08-01 11:20:00+00:00,6,0.004512051316129219,0.5142435494620584,340186,105030
ETHUSDT,3,2021-08-01 11:20:00+00:00,2022-08-01 11:20:00+00:00,7,0.004868713531941099,0.5139200974978101,340186,105028
ETHUSDT,3,2021-08-01 11:20:00+00:00,2022-08-01 11:20:00+00:00,8,0.005215977130887757,0.5170338773256146,340186,105026
ETHUSDT,3,2021-08-01 11:20:00+00:00,2022-08-01 11:20:00+00:00,9,0.005559841322351981,0.5129113345521024,340186,105024
ETHUSDT,3,2021-08-01 11:20:00+00:00,2022-08-01 11:20:00+00:00,10,0.005867132363244807,0.5116166136618994,340186,105022
ETHUSDT,3,2021-08-01 11:20:00+00:00,2022-08-01 11:20:00+00:00,11,0.006152623703860354,0.5102932774709579,340186,105020
ETHUSDT,3,2021-08-01 11:20:00+00:00,2022-08-01 11:20:00+00:00,12,0.006447608760735826,0.511893199261079,340186,105018
ETHUSDT,4,2022-08-01 11:20:00+00:00,2023-08-01 11:20:00+00:00,1,0.0011058405101991517,0.5298706982674138,445228,105103
ETHUSDT,4,2022-08-01 11:20:00+00:00,2023-08-01 11:20:00+00:00,2,0.001546438464138539,0.5366786550208369,445228,105102
ETHUSDT,4,2022-08-01 11:20:00+00:00,2023-08-01 11:20:00+00:00,3,0.001891532451625413,0.5390433963520804,445228,105101
ETHUSDT,4,2022-08-01 11:20:00+00:00,2023-08-01 11:20:00+00:00,4,0.0021796461676901516,0.5401998097050428,445228,105100
ETHUSDT,4,2022-08-01 11:20:00+00:00,2023-08-01 11:20:00+00:00,5,0.0024368706603537424,0.5384161600015224,445228,105099
ETHUSDT,4,2022-08-01 11:20:00+00:00,2023-08-01 11:20:00+00:00,6,0.0026702985673751328,0.5397438581133799,445228,105098
ETHUSDT,4,2022-08-01 11:20:00+00:00,2023-08-01 11:20:00+00:00,7,0.0028870030602106767,0.5399202641369402,445228,105097
ETHUSDT,4,2022-08-01 11:20:00+00:00,2023-08-01 11:20:00+00:00,8,0.003104375833681292,0.5333599756413184,445228,105096
ETHUSDT,4,2022-08-01 11:20:00+00:00,2023-08-01 11:20:00+00:00,9,0.0032841926537638187,0.5325562586231505,445228,105095
ETHUSDT,4,2022-08-01 11:20:00+00:00,2023-08-01 11:20:00+00:00,10,0.0034664541609105196,0.5336650998154033,445228,105094
ETHUSDT,4,2022-08-01 11:20:00+00:00,2023-08-01 11:20:00+00:00,11,0.0036491587906696678,0.5306823480155671,445228,105093
ETHUSDT,4,2022-08-01 11:20:00+00:00,2023-08-01 11:20:00+00:00,12,0.003813446595395316,0.5281467666425608,445228,105092
ETHUSDT,5,2023-08-01 11:20:00+00:00,2024-07-31 11:20:00+00:00,1,0.0010456333476745498,0.5172089041095891,550332,105120
ETHUSDT,5,2023-08-01 11:20:00+00:00,2024-07-31 11:20:00+00:00,2,0.0014736741167236302,0.5247336377473364,550332,105120
ETHUSDT,5,2023-08-01 11:20:00+00:00,2024-07-31 11:20:00+00:00,3,0.0017985496487087876,0.5266552511415525,550332,105120
ETHUSDT,5,2023-08-01 11:20:00+00:00,2024-07-31 11:20:00+00:00,4,0.002077681705441145,0.5249429223744292,550332,105120
ETHUSDT,5,2023-08-01 11:20:00+00:00,2024-07-31 11:20:00+00:00,5,0.0023163918549063437,0.5285102739726028,550332,105120
ETHUSDT,5,2023-08-01 11:20:00+00:00,2024-07-31 11:20:00+00:00,6,0.0025517670930675818,0.5221746575342465,550332,105120
ETHUSDT,5,2023-08-01 11:20:00+00:00,2024-07-31 11:20:00+00:00,7,0.0027420268916482264,0.5253519786910198,550332,105120
ETHUSDT,5,2023-08-01 11:20:00+00:00,2024-07-31 11:20:00+00:00,8,0.0029295065329234832,0.5228500761035008,550332,105120
ETHUSDT,5,2023-08-01 11:20:00+00:00,2024-07-31 11:20:00+00:00,9,0.0030934997836717533,0.5281773211567732,550332,105120
ETHUSDT,5,2023-08-01 11:20:00+00:00,2024-07-31 11:20:00+00:00,10,0.003271940232116085,0.5254946727549468,550332,105120
ETHUSDT,5,2023-08-01 11:20:00+00:00,2024-07-31 11:20:00+00:00,11,0.003454996337839848,0.5203101217656012,550332,105120
ETHUSDT,5,2023-08-01 11:20:00+00:00,2024-07-31 11:20:00+00:00,12,0.0035894418671055775,0.5277302130898022,550332,105120
ETHUSDT,6,2024-07-31 11:20:00+00:00,2025-07-31 11:20:00+00:00,1,0.0014460524195301818,0.5201959665144597,655452,105120
ETHUSDT,6,2024-07-31 11:20:00+00:00,2025-07-31 11:20:00+00:00,2,0.0020508620117781454,0.5244197108066971,655452,105120
ETHUSDT,6,2024-07-31 11:20:00+00:00,2025-07-31 11:20:00+00:00,3,0.0024978782766889264,0.525875190258752,655452,105120
ETHUSDT,6,2024-07-31 11:20:00+00:00,2025-07-31 11:20:00+00:00,4,0.0028760983687004917,0.5255232115677321,655452,105120
ETHUSDT,6,2024-07-31 11:20:00+00:00,2025-07-31 11:20:00+00:00,5,0.003212750919285855,0.5255993150684931,655452,105120
ETHUSDT,6,2024-07-31 11:20:00+00:00,2025-07-31 11:20:00+00:00,6,0.003517571647376404,0.526474505327245,655452,105120
ETHUSDT,6,2024-07-31 11:20:00+00:00,2025-07-31 11:20:00+00:00,7,0.0037941310020269377,0.5273401826484019,655452,105120
ETHUSDT,6,2024-07-31 11:20:00+00:00,2025-07-31 11:20:00+00:00,8,0.004049862638716728,0.5237347792998478,655452,105120
ETHUSDT,6,2024-07-31 11:20:00+00:00,2025-07-31 11:20:00+00:00,9,0.00428861592086299,0.5246860730593608,655452,105120
ETHUSDT,6,2024-07-31 11:20:00+00:00,2025-07-31 11:20:00+00:00,10,0.004509931978088993,0.5252187975646879,655452,105120
ETHUSDT,6,2024-07-31 11:20:00+00:00,2025-07-31 11:20:00+00:00,11,0.00471853361592737,0.525294901065449,655452,105120
ETHUSDT,6,2024-07-31 11:20:00+00:00,2025-07-31 11:20:00+00:00,12,0.0049438836024744024,0.5234874429223745,655452,105120
ETHUSDT,7,2025-07-31 11:20:00+00:00,2026-07-31 11:20:00+00:00,1,0.0012578615509991826,0.5234361250708852,760572,102278
ETHUSDT,7,2025-07-31 11:20:00+00:00,2026-07-31 11:20:00+00:00,2,0.0017864774856463784,0.527997496993459,760572,102277
ETHUSDT,7,2025-07-31 11:20:00+00:00,2026-07-31 11:20:00+00:00,3,0.002187202938134029,0.5289510735656459,760572,102276
ETHUSDT,7,2025-07-31 11:20:00+00:00,2026-07-31 11:20:00+00:00,4,0.0025250511113017026,0.5284673673918358,760572,102275
ETHUSDT,7,2025-07-31 11:20:00+00:00,2026-07-31 11:20:00+00:00,5,0.0028205469328325466,0.5282769814420087,760572,102274
ETHUSDT,7,2025-07-31 11:20:00+00:00,2026-07-31 11:20:00+00:00,6,0.003091257518434128,0.5220048302093416,760572,102273
ETHUSDT,7,2025-07-31 11:20:00+00:00,2026-07-31 11:20:00+00:00,7,0.003336673539168667,0.5262926314142679,760572,102272
ETHUSDT,7,2025-07-31 11:20:00+00:00,2026-07-31 11:20:00+00:00,8,0.0035729265607919664,0.5206559044108301,760572,102271
ETHUSDT,7,2025-07-31 11:20:00+00:00,2026-07-31 11:20:00+00:00,9,0.0037939873495000205,0.5203578762100323,760572,102270
ETHUSDT,7,2025-07-31 11:20:00+00:00,2026-07-31 11:20:00+00:00,10,0.004012348782599616,0.5164321544162943,760572,102269
ETHUSDT,7,2025-07-31 11:20:00+00:00,2026-07-31 11:20:00+00:00,11,0.004212327825586516,0.5132788359995306,760572,102268
ETHUSDT,7,2025-07-31 11:20:00+00:00,2026-07-31 11:20:00+00:00,12,0.004408106013945935,0.5190041753449304,760572,102267
BNBUSDT,0,2018-08-02 11:50:00+00:00,2019-08-02 11:50:00+00:00,1,0.001994976211165928,0.5229469866870258,25676,104785
BNBUSDT,0,2018-08-02 11:50:00+00:00,2019-08-02 11:50:00+00:00,2,0.00281098165221282,0.5217694216453521,25676,104780
BNBUSDT,0,2018-08-02 11:50:00+00:00,2019-08-02 11:50:00+00:00,3,0.0034346452571373406,0.5281889763779527,25676,104775
BNBUSDT,0,2018-08-02 11:50:00+00:00,2019-08-02 11:50:00+00:00,4,0.00397640347852468,0.5240526868378352,25676,104770
BNBUSDT,0,2018-08-02 11:50:00+00:00,2019-08-02 11:50:00+00:00,5,0.00448003122830028,0.5265021715267504,25676,104765
BNBUSDT,0,2018-08-02 11:50:00+00:00,2019-08-02 11:50:00+00:00,6,0.004955674438122802,0.5228426880488736,25676,104760
BNBUSDT,0,2018-08-02 11:50:00+00:00,2019-08-02 11:50:00+00:00,7,0.0053406859974208095,0.5238317980048685,25676,104755
BNBUSDT,0,2018-08-02 11:50:00+00:00,2019-08-02 11:50:00+00:00,8,0.005714721744277444,0.5264152744630072,25676,104750
BNBUSDT,0,2018-08-02 11:50:00+00:00,2019-08-02 11:50:00+00:00,9,0.006109565322251973,0.5267554537209413,25676,104745
BNBUSDT,0,2018-08-02 11:50:00+00:00,2019-08-02 11:50:00+00:00,10,0.006443436335928758,0.5271052129081535,25676,104740
BNBUSDT,0,2018-08-02 11:50:00+00:00,2019-08-02 11:50:00+00:00,11,0.006754573237900438,0.529889721678522,25676,104735
BNBUSDT,0,2018-08-02 11:50:00+00:00,2019-08-02 11:50:00+00:00,12,0.007045559290032547,0.5261147713167191,25676,104730
BNBUSDT,1,2019-08-02 11:50:00+00:00,2020-08-01 11:50:00+00:00,1,0.0016605439784724578,0.5206947559288067,130466,104785
BNBUSDT,1,2019-08-02 11:50:00+00:00,2020-08-01 11:50:00+00:00,2,0.0023354779760916353,0.5229487387499165,130466,104777
BNBUSDT,1,2019-08-02 11:50:00+00:00,2020-08-01 11:50:00+00:00,3,0.0028504243544502125,0.5268065935534366,130466,104769
BNBUSDT,1,2019-08-02 11:50:00+00:00,2020-08-01 11:50:00+00:00,4,0.0032982300819658686,0.5251095350368935,130466,104761
BNBUSDT,1,2019-08-02 11:50:00+00:00,2020-08-01 11:50:00+00:00,5,0.0036769518080985134,0.5277844071291514,130466,104753
BNBUSDT,1,2019-08-02 11:50:00+00:00,2020-08-01 11:50:00+00:00,6,0.004016575369820676,0.5310993364838417,130466,104745
BNBUSDT,1,2019-08-02 11:50:00+00:00,2020-08-01 11:50:00+00:00,7,0.0043372402105078854,0.5314740731546636,130466,104737
BNBUSDT,1,2019-08-02 11:50:00+00:00,2020-08-01 11:50:00+00:00,8,0.0046197259054967035,0.532889648521422,130466,104729
BNBUSDT,1,2019-08-02 11:50:00+00:00,2020-08-01 11:50:00+00:00,9,0.004899571342665719,0.5320231854164876,130466,104721
BNBUSDT,1,2019-08-02 11:50:00+00:00,2020-08-01 11:50:00+00:00,10,0.005195377051553551,0.5310610907910193,130466,104713
BNBUSDT,1,2019-08-02 11:50:00+00:00,2020-08-01 11:50:00+00:00,11,0.005415717625452221,0.5315314454897092,130466,104705
BNBUSDT,1,2019-08-02 11:50:00+00:00,2020-08-01 11:50:00+00:00,12,0.005652572136316875,0.5328901496700001,130466,104697
BNBUSDT,2,2020-08-01 11:50:00+00:00,2021-08-01 11:50:00+00:00,1,0.0026658062439913143,0.513124285169653,235259,104920
BNBUSDT,2,2020-08-01 11:50:00+00:00,2021-08-01 11:50:00+00:00,2,0.003737495514002647,0.5180387559215731,235259,104913
BNBUSDT,2,2020-08-01 11:50:00+00:00,2021-08-01 11:50:00+00:00,3,0.004568986661648509,0.5175871732789354,235259,104906
BNBUSDT,2,2020-08-01 11:50:00+00:00,2021-08-01 11:50:00+00:00,4,0.005309377569842725,0.5191565219878168,235259,104899
BNBUSDT,2,2020-08-01 11:50:00+00:00,2021-08-01 11:50:00+00:00,5,0.005927489729033647,0.5195153109865386,235259,104892
BNBUSDT,2,2020-08-01 11:50:00+00:00,2021-08-01 11:50:00+00:00,6,0.006437119668109004,0.5182628593221147,235259,104885
BNBUSDT,2,2020-08-01 11:50:00+00:00,2021-08-01 11:50:00+00:00,7,0.006870039343278654,0.5166097751673373,235259,104878
BNBUSDT,2,2020-08-01 11:50:00+00:00,2021-08-01 11:50:00+00:00,8,0.007342093960047737,0.5155667439044159,235259,104871
BNBUSDT,2,2020-08-01 11:50:00+00:00,2021-08-01 11:50:00+00:00,9,0.007790729690648541,0.5191772200183095,235259,104864
BNBUSDT,2,2020-08-01 11:50:00+00:00,2021-08-01 11:50:00+00:00,10,0.008245121457651999,0.5148821728639957,235259,104857
BNBUSDT,2,2020-08-01 11:50:00+00:00,2021-08-01 11:50:00+00:00,11,0.008629626956801813,0.5178922269909394,235259,104850
BNBUSDT,2,2020-08-01 11:50:00+00:00,2021-08-01 11:50:00+00:00,12,0.009025507049630212,0.5160954951689669,235259,104843
BNBUSDT,3,2021-08-01 11:50:00+00:00,2022-08-01 11:50:00+00:00,1,0.0016896341371108298,0.4841012947448591,340186,105040
BNBUSDT,3,2021-08-01 11:50:00+00:00,2022-08-01 11:50:00+00:00,2,0.0023847021292673163,0.4907842875911575,340186,105038
BNBUSDT,3,2021-08-01 11:50:00+00:00,2022-08-01 11:50:00+00:00,3,0.002929831721092801,0.4876423321527857,340186,105036
BNBUSDT,3,2021-08-01 11:50:00+00:00,2022-08-01 11:50:00+00:00,4,0.00339561497224483,0.48821334044214254,340186,105034
BNBUSDT,3,2021-08-01 11:50:00+00:00,2022-08-01 11:50:00+00:00,5,0.003817024857418248,0.4932687181049585,340186,105032
BNBUSDT,3,2021-08-01 11:50:00+00:00,2022-08-01 11:50:00+00:00,6,0.004203126891291539,0.48853660858802245,340186,105030
BNBUSDT,3,2021-08-01 11:50:00+00:00,2022-08-01 11:50:00+00:00,7,0.004599452021751272,0.4878413375480824,340186,105028
BNBUSDT,3,2021-08-01 11:50:00+00:00,2022-08-01 11:50:00+00:00,8,0.004860560351102514,0.4904785481690248,340186,105026
BNBUSDT,3,2021-08-01 11:50:00+00:00,2022-08-01 11:50:00+00:00,9,0.00515028464304548,0.4949535344302255,340186,105024
BNBUSDT,3,2021-08-01 11:50:00+00:00,2022-08-01 11:50:00+00:00,10,0.005468771194997654,0.4918683704366704,340186,105022
BNBUSDT,3,2021-08-01 11:50:00+00:00,2022-08-01 11:50:00+00:00,11,0.005776571062335954,0.49100171395924586,340186,105020
BNBUSDT,3,2021-08-01 11:50:00+00:00,2022-08-01 11:50:00+00:00,12,0.0059674298744981005,0.4937820183206688,340186,105018
BNBUSDT,4,2022-08-01 11:50:00+00:00,2023-08-01 11:50:00+00:00,1,0.0010755958686648594,0.4449635119834829,445228,105103
BNBUSDT,4,2022-08-01 11:50:00+00:00,2023-08-01 11:50:00+00:00,2,0.0015002800120004162,0.46902057049342544,445228,105102
BNBUSDT,4,2022-08-01 11:50:00+00:00,2023-08-01 11:50:00+00:00,3,0.0018281022860378994,0.47731229959753,445228,105101
BNBUSDT,4,2022-08-01 11:50:00+00:00,2023-08-01 11:50:00+00:00,4,0.0021156743359017145,0.4811988582302569,445228,105100
BNBUSDT,4,2022-08-01 11:50:00+00:00,2023-08-01 11:50:00+00:00,5,0.002357228071461213,0.49004272162437323,445228,105099
BNBUSDT,4,2022-08-01 11:50:00+00:00,2023-08-01 11:50:00+00:00,6,0.0025923240221133164,0.49077051894422347,445228,105098
BNBUSDT,4,2022-08-01 11:50:00+00:00,2023-08-01 11:50:00+00:00,7,0.002796361067324205,0.4941910806207599,445228,105097
BNBUSDT,4,2022-08-01 11:50:00+00:00,2023-08-01 11:50:00+00:00,8,0.003014185528122475,0.4923213062343001,445228,105096
BNBUSDT,4,2022-08-01 11:50:00+00:00,2023-08-01 11:50:00+00:00,9,0.0031859849900928747,0.49774013987344784,445228,105095
BNBUSDT,4,2022-08-01 11:50:00+00:00,2023-08-01 11:50:00+00:00,10,0.003365433823044535,0.49802081945686716,445228,105094
BNBUSDT,4,2022-08-01 11:50:00+00:00,2023-08-01 11:50:00+00:00,11,0.0035163151390204274,0.5004614960082974,445228,105093
BNBUSDT,4,2022-08-01 11:50:00+00:00,2023-08-01 11:50:00+00:00,12,0.0036838045726554297,0.5010086400487193,445228,105092
BNBUSDT,5,2023-08-01 11:50:00+00:00,2024-07-31 11:50:00+00:00,1,0.0010988471783367837,0.45111301369863016,550332,105120
BNBUSDT,5,2023-08-01 11:50:00+00:00,2024-07-31 11:50:00+00:00,2,0.0015498390651573373,0.47058599695585995,550332,105120
BNBUSDT,5,2023-08-01 11:50:00+00:00,2024-07-31 11:50:00+00:00,3,0.0018902545910643236,0.48521689497716897,550332,105120
BNBUSDT,5,2023-08-01 11:50:00+00:00,2024-07-31 11:50:00+00:00,4,0.0021756132716033738,0.4902111872146119,550332,105120
BNBUSDT,5,2023-08-01 11:50:00+00:00,2024-07-31 11:50:00+00:00,5,0.0024236899682235787,0.49347412480974123,550332,105120
BNBUSDT,5,2023-08-01 11:50:00+00:00,2024-07-31 11:50:00+00:00,6,0.002643635435951203,0.49726978691019785,550332,105120
BNBUSDT,5,2023-08-01 11:50:00+00:00,2024-07-31 11:50:00+00:00,7,0.0028460096077440743,0.5022450532724505,550332,105120
BNBUSDT,5,2023-08-01 11:50:00+00:00,2024-07-31 11:50:00+00:00,8,0.0030387992328601695,0.5005517503805175,550332,105120
BNBUSDT,5,2023-08-01 11:50:00+00:00,2024-07-31 11:50:00+00:00,9,0.0032165774107458613,0.5055365296803653,550332,105120
BNBUSDT,5,2023-08-01 11:50:00+00:00,2024-07-31 11:50:00+00:00,10,0.003385483644187233,0.5064212328767124,550332,105120
BNBUSDT,5,2023-08-01 11:50:00+00:00,2024-07-31 11:50:00+00:00,11,0.0035435516033930797,0.5084665144596652,550332,105120
BNBUSDT,5,2023-08-01 11:50:00+00:00,2024-07-31 11:50:00+00:00,12,0.0037009690967478013,0.5084189497716894,550332,105120
BNBUSDT,6,2024-07-31 11:50:00+00:00,2025-07-31 11:50:00+00:00,1,0.0011105916947089366,0.4973744292237443,655452,105120
BNBUSDT,6,2024-07-31 11:50:00+00:00,2025-07-31 11:50:00+00:00,2,0.0015844758232973796,0.5068588280060883,655452,105120
BNBUSDT,6,2024-07-31 11:50:00+00:00,2025-07-31 11:50:00+00:00,3,0.0019381762732220153,0.5089041095890411,655452,105120
BNBUSDT,6,2024-07-31 11:50:00+00:00,2025-07-31 11:50:00+00:00,4,0.00223596543464378,0.5080574581430746,655452,105120
BNBUSDT,6,2024-07-31 11:50:00+00:00,2025-07-31 11:50:00+00:00,5,0.0024986988004121976,0.51029299847793,655452,105120
BNBUSDT,6,2024-07-31 11:50:00+00:00,2025-07-31 11:50:00+00:00,6,0.00273648759614383,0.5117579908675799,655452,105120
BNBUSDT,6,2024-07-31 11:50:00+00:00,2025-07-31 11:50:00+00:00,7,0.0029526277290711084,0.5129566210045662,655452,105120
BNBUSDT,6,2024-07-31 11:50:00+00:00,2025-07-31 11:50:00+00:00,8,0.0031579707846882683,0.5126046423135464,655452,105120
BNBUSDT,6,2024-07-31 11:50:00+00:00,2025-07-31 11:50:00+00:00,9,0.0033528581389693397,0.5130422374429223,655452,105120
BNBUSDT,6,2024-07-31 11:50:00+00:00,2025-07-31 11:50:00+00:00,10,0.0035318651295163112,0.5152587519025875,655452,105120
BNBUSDT,6,2024-07-31 11:50:00+00:00,2025-07-31 11:50:00+00:00,11,0.003689890286789977,0.5123953576864536,655452,105120
BNBUSDT,6,2024-07-31 11:50:00+00:00,2025-07-31 11:50:00+00:00,12,0.0038505632710847428,0.5097412480974125,655452,105120
BNBUSDT,7,2025-07-31 11:50:00+00:00,2026-07-31 11:50:00+00:00,1,0.0010371076658498577,0.50404294220597,760572,102277
BNBUSDT,7,2025-07-31 11:50:00+00:00,2026-07-31 11:50:00+00:00,2,0.0014859820684367047,0.507802416989323,760572,102276
BNBUSDT,7,2025-07-31 11:50:00+00:00,2026-07-31 11:50:00+00:00,3,0.0018323143803726637,0.5131948178929358,760572,102275
BNBUSDT,7,2025-07-31 11:50:00+00:00,2026-07-31 11:50:00+00:00,4,0.0021185721668885373,0.5120460723155446,760572,102274
BNBUSDT,7,2025-07-31 11:50:00+00:00,2026-07-31 11:50:00+00:00,5,0.0023692742980575047,0.5133221866963911,760572,102273
BNBUSDT,7,2025-07-31 11:50:00+00:00,2026-07-31 11:50:00+00:00,6,0.0025924044337339008,0.5162410043804756,760572,102272
BNBUSDT,7,2025-07-31 11:50:00+00:00,2026-07-31 11:50:00+00:00,7,0.002800297748185175,0.5125597676760764,760572,102271
BNBUSDT,7,2025-07-31 11:50:00+00:00,2026-07-31 11:50:00+00:00,8,0.002993839716602131,0.5139923731299502,760572,102270
BNBUSDT,7,2025-07-31 11:50:00+00:00,2026-07-31 11:50:00+00:00,9,0.003173731925502716,0.5151609969785566,760572,102269
BNBUSDT,7,2025-07-31 11:50:00+00:00,2026-07-31 11:50:00+00:00,10,0.0033501409062116584,0.5088688543826025,760572,102268
BNBUSDT,7,2025-07-31 11:50:00+00:00,2026-07-31 11:50:00+00:00,11,0.003512642279620262,0.5132251850548075,760572,102267
BNBUSDT,7,2025-07-31 11:50:00+00:00,2026-07-31 11:50:00+00:00,12,0.003671070803747982,0.5104726888702013,760572,102266
SOLUSDT,0,2020-11-09 06:00:00+00:00,2021-11-09 06:00:00+00:00,1,0.003788378255737565,0.5005723006486074,25908,104840
SOLUSDT,0,2020-11-09 06:00:00+00:00,2021-11-09 06:00:00+00:00,2,0.005411840922123778,0.5054230141847355,25908,104831
SOLUSDT,0,2020-11-09 06:00:00+00:00,2021-11-09 06:00:00+00:00,3,0.006922399812348384,0.5060483486291045,25908,104822
SOLUSDT,0,2020-11-09 06:00:00+00:00,2021-11-09 06:00:00+00:00,4,0.008472714719588909,0.510070315705113,25908,104813
SOLUSDT,0,2020-11-09 06:00:00+00:00,2021-11-09 06:00:00+00:00,5,0.009920753944399384,0.5133105606656234,25908,104804
SOLUSDT,0,2020-11-09 06:00:00+00:00,2021-11-09 06:00:00+00:00,6,0.011548483821522234,0.5138031394627607,25908,104795
SOLUSDT,0,2020-11-09 06:00:00+00:00,2021-11-09 06:00:00+00:00,7,0.01241234963787542,0.5161281087168134,25908,104786
SOLUSDT,0,2020-11-09 06:00:00+00:00,2021-11-09 06:00:00+00:00,8,0.013255741318487781,0.5166878227091823,25908,104777
SOLUSDT,0,2020-11-09 06:00:00+00:00,2021-11-09 06:00:00+00:00,9,0.013836529447529698,0.5161595143555284,25908,104768
SOLUSDT,0,2020-11-09 06:00:00+00:00,2021-11-09 06:00:00+00:00,10,0.013697449367414596,0.5192489428115962,25908,104759
SOLUSDT,0,2020-11-09 06:00:00+00:00,2021-11-09 06:00:00+00:00,11,0.014342586812399754,0.5183007159904535,25908,104750
SOLUSDT,0,2020-11-09 06:00:00+00:00,2021-11-09 06:00:00+00:00,12,0.015154636992337054,0.5170468107044996,25908,104741
SOLUSDT,1,2021-11-09 06:00:00+00:00,2022-11-09 06:00:00+00:00,1,0.0024806273176542558,0.4864345509893455,130757,105120
SOLUSDT,1,2021-11-09 06:00:00+00:00,2022-11-09 06:00:00+00:00,2,0.0035025021689152,0.49450152207001524,130757,105120
SOLUSDT,1,2021-11-09 06:00:00+00:00,2022-11-09 06:00:00+00:00,3,0.004281099488843193,0.4954813546423135,130757,105120
SOLUSDT,1,2021-11-09 06:00:00+00:00,2022-11-09 06:00:00+00:00,4,0.004932053014828715,0.5026065449010655,130757,105120
SOLUSDT,1,2021-11-09 06:00:00+00:00,2022-11-09 06:00:00+00:00,5,0.005522048962114194,0.5044710806697108,130757,105120
SOLUSDT,1,2021-11-09 06:00:00+00:00,2022-11-09 06:00:00+00:00,6,0.006035792789951667,0.505146499238965,130757,105120
SOLUSDT,1,2021-11-09 06:00:00+00:00,2022-11-09 06:00:00+00:00,7,0.006526447168257033,0.5039193302891933,130757,105120
SOLUSDT,1,2021-11-09 06:00:00+00:00,2022-11-09 06:00:00+00:00,8,0.007008267089189482,0.5013127853881278,130757,105120
SOLUSDT,1,2021-11-09 06:00:00+00:00,2022-11-09 06:00:00+00:00,9,0.007449980969111789,0.5006944444444444,130757,105120
SOLUSDT,1,2021-11-09 06:00:00+00:00,2022-11-09 06:00:00+00:00,10,0.007878718752213002,0.504337899543379,130757,105120
SOLUSDT,1,2021-11-09 06:00:00+00:00,2022-11-09 06:00:00+00:00,11,0.008236055525564168,0.5037385844748858,130757,105120
SOLUSDT,1,2021-11-09 06:00:00+00:00,2022-11-09 06:00:00+00:00,12,0.008628418085557263,0.5028063165905632,130757,105120
SOLUSDT,2,2022-11-09 06:00:00+00:00,2023-11-09 06:00:00+00:00,1,0.0019064505544158076,0.4558005004614521,235877,105103
SOLUSDT,2,2022-11-09 06:00:00+00:00,2023-11-09 06:00:00+00:00,2,0.0026665449038547205,0.4714467850278777,235877,105102
SOLUSDT,2,2022-11-09 06:00:00+00:00,2023-11-09 06:00:00+00:00,3,0.003232713544811972,0.48464810039866413,235877,105101
SOLUSDT,2,2022-11-09 06:00:00+00:00,2023-11-09 06:00:00+00:00,4,0.00372327002178798,0.4885252140818268,235877,105100
SOLUSDT,2,2022-11-09 06:00:00+00:00,2023-11-09 06:00:00+00:00,5,0.00417410716562784,0.4924785202523335,235877,105099
SOLUSDT,2,2022-11-09 06:00:00+00:00,2023-11-09 06:00:00+00:00,6,0.004588727596766887,0.49094178766484614,235877,105098
SOLUSDT,2,2022-11-09 06:00:00+00:00,2023-11-09 06:00:00+00:00,7,0.004961813784302159,0.491850385834039,235877,105097
SOLUSDT,2,2022-11-09 06:00:00+00:00,2023-11-09 06:00:00+00:00,8,0.005293390243308316,0.49331087767374593,235877,105096
SOLUSDT,2,2022-11-09 06:00:00+00:00,2023-11-09 06:00:00+00:00,9,0.005631757006098734,0.4918882915457443,235877,105095
SOLUSDT,2,2022-11-09 06:00:00+00:00,2023-11-09 06:00:00+00:00,10,0.005913259316916455,0.4946714369992578,235877,105094
SOLUSDT,2,2022-11-09 06:00:00+00:00,2023-11-09 06:00:00+00:00,11,0.0062571635056245115,0.4919642602266564,235877,105093
SOLUSDT,2,2022-11-09 06:00:00+00:00,2023-11-09 06:00:00+00:00,12,0.006568818355476082,0.49149316789099073,235877,105092
SOLUSDT,3,2023-11-09 06:00:00+00:00,2024-11-08 06:00:00+00:00,1,0.0020732789173156085,0.5048135464231355,340981,105120
SOLUSDT,3,2023-11-09 06:00:00+00:00,2024-11-08 06:00:00+00:00,2,0.002947021684659928,0.5128995433789955,340981,105120
SOLUSDT,3,2023-11-09 06:00:00+00:00,2024-11-08 06:00:00+00:00,3,0.0035836500930141756,0.5116343226788432,340981,105120
SOLUSDT,3,2023-11-09 06:00:00+00:00,2024-11-08 06:00:00+00:00,4,0.004131987089945824,0.5176560121765601,340981,105120
SOLUSDT,3,2023-11-09 06:00:00+00:00,2024-11-08 06:00:00+00:00,5,0.004622830489033982,0.5194444444444445,340981,105120
SOLUSDT,3,2023-11-09 06:00:00+00:00,2024-11-08 06:00:00+00:00,6,0.005076883243591325,0.5169615677321157,340981,105120
SOLUSDT,3,2023-11-09 06:00:00+00:00,2024-11-08 06:00:00+00:00,7,0.005473141061806043,0.5154299847792998,340981,105120
SOLUSDT,3,2023-11-09 06:00:00+00:00,2024-11-08 06:00:00+00:00,8,0.005859151450945044,0.5177321156773211,340981,105120
SOLUSDT,3,2023-11-09 06:00:00+00:00,2024-11-08 06:00:00+00:00,9,0.006203516356195113,0.5157248858447488,340981,105120
SOLUSDT,3,2023-11-09 06:00:00+00:00,2024-11-08 06:00:00+00:00,10,0.00655056186209714,0.5139554794520548,340981,105120
SOLUSDT,3,2023-11-09 06:00:00+00:00,2024-11-08 06:00:00+00:00,11,0.006874518498271672,0.5167903348554034,340981,105120
SOLUSDT,3,2023-11-09 06:00:00+00:00,2024-11-08 06:00:00+00:00,12,0.007209799689231358,0.5141647640791477,340981,105120
SOLUSDT,4,2024-11-08 06:00:00+00:00,2025-11-08 06:00:00+00:00,1,0.0018510764194207428,0.509484398782344,446101,105120
SOLUSDT,4,2024-11-08 06:00:00+00:00,2025-11-08 06:00:00+00:00,2,0.0026266969586993577,0.5113489345509894,446101,105120
SOLUSDT,4,2024-11-08 06:00:00+00:00,2025-11-08 06:00:00+00:00,3,0.0032062530165409614,0.5102834855403349,446101,105120
SOLUSDT,4,2024-11-08 06:00:00+00:00,2025-11-08 06:00:00+00:00,4,0.003687683548738935,0.513089802130898,446101,105120
SOLUSDT,4,2024-11-08 06:00:00+00:00,2025-11-08 06:00:00+00:00,5,0.004118729750443325,0.5134703196347032,446101,105120
SOLUSDT,4,2024-11-08 06:00:00+00:00,2025-11-08 06:00:00+00:00,6,0.0045039341999643275,0.5124904870624049,446101,105120
SOLUSDT,4,2024-11-08 06:00:00+00:00,2025-11-08 06:00:00+00:00,7,0.0048569310937265795,0.5124714611872146,446101,105120
SOLUSDT,4,2024-11-08 06:00:00+00:00,2025-11-08 06:00:00+00:00,8,0.005190572281663937,0.5134037290715373,446101,105120
SOLUSDT,4,2024-11-08 06:00:00+00:00,2025-11-08 06:00:00+00:00,9,0.005503105428793592,0.5101217656012177,446101,105120
SOLUSDT,4,2024-11-08 06:00:00+00:00,2025-11-08 06:00:00+00:00,10,0.005791172323508409,0.5093702435312024,446101,105120
SOLUSDT,4,2024-11-08 06:00:00+00:00,2025-11-08 06:00:00+00:00,11,0.006069235892902991,0.5083999238964992,446101,105120
SOLUSDT,4,2024-11-08 06:00:00+00:00,2025-11-08 06:00:00+00:00,12,0.006331391803546164,0.5108162100456621,446101,105120
SOLUSDT,5,2025-11-08 06:00:00+00:00,2026-11-08 06:00:00+00:00,1,0.0013983719691642782,0.4994153795953883,551221,73552
SOLUSDT,5,2025-11-08 06:00:00+00:00,2026-11-08 06:00:00+00:00,2,0.0019877467462623864,0.506233769765197,551221,73551
SOLUSDT,5,2025-11-08 06:00:00+00:00,2026-11-08 06:00:00+00:00,3,0.0024369625076894924,0.5105778382053026,551221,73550
SOLUSDT,5,2025-11-08 06:00:00+00:00,2026-11-08 06:00:00+00:00,4,0.002811401467596938,0.5098641721845301,551221,73549
SOLUSDT,5,2025-11-08 06:00:00+00:00,2026-11-08 06:00:00+00:00,5,0.0031447672810127948,0.510061456463806,551221,73548
SOLUSDT,5,2025-11-08 06:00:00+00:00,2026-11-08 06:00:00+00:00,6,0.003441442463895211,0.511944742817518,551221,73547
SOLUSDT,5,2025-11-08 06:00:00+00:00,2026-11-08 06:00:00+00:00,7,0.0037169972689197763,0.5114622141244936,551221,73546
SOLUSDT,5,2025-11-08 06:00:00+00:00,2026-11-08 06:00:00+00:00,8,0.003978169453452848,0.5108437011353593,551221,73545
SOLUSDT,5,2025-11-08 06:00:00+00:00,2026-11-08 06:00:00+00:00,9,0.004221778779267693,0.5136924834112911,551221,73544
SOLUSDT,5,2025-11-08 06:00:00+00:00,2026-11-08 06:00:00+00:00,10,0.004455571289191145,0.5093754674136219,551221,73543
SOLUSDT,5,2025-11-08 06:00:00+00:00,2026-11-08 06:00:00+00:00,11,0.004673125189073148,0.5087025101302657,551221,73542
SOLUSDT,5,2025-11-08 06:00:00+00:00,2026-11-08 06:00:00+00:00,12,0.004896312881128296,0.5064249874219823,551221,73541
