symbol,horizon,mae_technical_only,directional_accuracy_technical_only,mae_with_level1_news,directional_accuracy_with_level1_news,mae_with_level1_and_llm_events,directional_accuracy_with_level1_and_llm_events,mae_delta_level1_vs_technical,mae_delta_llm_vs_level1,dir_acc_delta_llm_vs_level1
BTCUSDT,1,0.0011765587552832538,0.5236451378282923,0.0011765502552183208,0.5242284246375587,0.0011765944116330525,0.5246022043479865,-8.500064932947735e-09,4.415641473168655e-08,0.0003737797104278462
BTCUSDT,2,0.0016435922727142964,0.5300347720295271,0.0016434754073952251,0.5297859752417435,0.0016434638444563882,0.5301311956649838,-1.1686531907126319e-07,-1.1562938836886388e-08,0.0003452204232402556
BTCUSDT,3,0.0019973652003706923,0.5321629629805993,0.001997573884878042,0.53138321871291,0.0019975082131499073,0.5317951141581322,2.0868450734947905e-07,-6.567172813453509e-08,0.0004118954452221324
BTCUSDT,4,0.002301443823613426,0.5324388835647831,0.0023040687090836805,0.5322257870582563,0.002302273716676056,0.5326948374692706,2.6248854702545267e-06,-1.7949924076246689e-06,0.00046905041101430456
BTCUSDT,5,0.002566492403239881,0.5333803190824445,0.002566159352309429,0.5334529406372363,0.002566713115047497,0.5329517328574439,-3.3305093045162687e-07,5.537627380679429e-07,-0.0005012077797923453
BTCUSDT,6,0.0028046052997604,0.5328312381614554,0.0028089139370647545,0.5325383625395412,0.0028053983754304794,0.5333788917634089,4.308637304354431e-06,-3.515561634275053e-06,0.0008405292238676809
BTCUSDT,7,0.0030190329253583733,0.5337024941572025,0.0030199237145456933,0.5324190431741957,0.0030206534335886427,0.5323011752267768,8.907891873200131e-07,7.297190429494081e-07,-0.00011786794741897033
BTCUSDT,8,0.003228716430219777,0.5320532587846872,0.003229751416622822,0.5321949424871324,0.0032278455623330118,0.5327569148195199,1.0349864030451995e-06,-1.9058542898102958e-06,0.0005619723323875281
BTCUSDT,9,0.003419741023368897,0.532012501860396,0.003426287319948466,0.5313695490400357,0.0034239054127953275,0.5316529245423426,6.546296579568699e-06,-2.3819071531382824e-06,0.0002833755023068374
BTCUSDT,10,0.0036147911408432832,0.5313192459138585,0.003613514045517737,0.5314787980248877,0.0036171663694189973,0.5319348312974563,-1.2770953255461168e-06,3.6523239012602356e-06,0.00045603327256860116
BTCUSDT,11,0.003796856207342472,0.5312332182699532,0.0037969378276985063,0.5318738263951981,0.0037948347849980856,0.5313165687695204,8.162035603420312e-08,-2.1030427004207174e-06,-0.0005572576256777095
BTCUSDT,12,0.003963622100434905,0.5316211063785197,0.003965351145075516,0.5309257051951469,0.003963431554629004,0.5307518548993038,1.7290446406104457e-06,-1.919590446511528e-06,-0.0001738502958431587
