symbol,horizon,mae,directional_accuracy,n_train,n_test
BNBUSDT,1,0.0006101981806248527,0.47905652704351365,9827,2459
BNBUSDT,2,0.0008692879333280185,0.49308380797396256,9827,2458
BNBUSDT,3,0.0010742553325251347,0.5026455026455027,9827,2457
BNBUSDT,4,0.0012356725522587072,0.5,9827,2456
BNBUSDT,5,0.0013626549225821357,0.504684317718941,9827,2455
BNBUSDT,6,0.0014794333048049077,0.5008149959250203,9827,2454
BNBUSDT,7,0.0015998937395866305,0.49694251936404404,9827,2453
BNBUSDT,8,0.0017080905685273738,0.4946982055464927,9827,2452
BNBUSDT,9,0.0018178029626712586,0.48306813545491634,9827,2451
BNBUSDT,10,0.0019210816974362434,0.4853061224489796,9827,2450
BNBUSDT,11,0.0020216831603603706,0.4879542670477746,9827,2449
BNBUSDT,12,0.0021159792819732937,0.48733660130718953,9827,2448
BTCUSDT,1,0.0009135716280186184,0.4982325602957709,690230,172566
BTCUSDT,2,0.001298061468503926,0.4980558050589633,690204,172565
BTCUSDT,3,0.0015826677675612702,0.4973285273869405,690178,172564
BTCUSDT,4,0.0018241896088152534,0.50000289749251,690152,172563
BTCUSDT,5,0.002037216876229387,0.4999362547953779,690126,172562
BTCUSDT,6,0.0022281157812066668,0.5022455827214725,690100,172561
BTCUSDT,7,0.0024029283843400875,0.5025846082522021,690074,172560
BTCUSDT,8,0.0025645761114030064,0.5020485746903958,690048,172559
BTCUSDT,9,0.002715030942757129,0.5023180611736344,690022,172558
BTCUSDT,10,0.0028613691665783586,0.5020891647397672,689996,172557
BTCUSDT,11,0.0029999327181361203,0.5022369549595493,689970,172556
BTCUSDT,12,0.0031301122734740737,0.5030222247978905,689944,172555
ETHUSDT,1,0.0013624851806281555,0.5007098774374873,690227,172565
ETHUSDT,2,0.001933850349724069,0.5009040124243759,690201,172564
ETHUSDT,3,0.0023620416473541608,0.5016776481632795,690175,172563
ETHUSDT,4,0.0027244132847093487,0.5028221740591787,690149,172562
ETHUSDT,5,0.0030430653491571396,0.5042101054119993,690123,172561
ETHUSDT,6,0.0033300102237096224,0.505377839592026,690097,172560
ETHUSDT,7,0.0035957479566960204,0.5059718704906727,690071,172559
ETHUSDT,8,0.003842168420867257,0.5062529700158788,690045,172558
ETHUSDT,9,0.004073082610122887,0.5068354224980731,690019,172557
ETHUSDT,10,0.004293504496673657,0.5078757041192424,689993,172556
ETHUSDT,11,0.004502596371937421,0.5076526324939874,689967,172555
ETHUSDT,12,0.004702216365148379,0.50778307080682,689941,172554
SOLUSDT,1,0.0014918520142920754,0.48815097601382984,499774,124947
SOLUSDT,2,0.0021204370574273304,0.49176444223904725,499764,124946
SOLUSDT,3,0.002591152097876922,0.49363319860738725,499754,124945
SOLUSDT,4,0.002986063258165939,0.4945495582020745,499744,124944
SOLUSDT,5,0.003337956347527348,0.49690658940476856,499734,124943
SOLUSDT,6,0.0036522680409804393,0.49744681532230955,499724,124942
SOLUSDT,7,0.0039455418716336345,0.49860334077684665,499714,124941
SOLUSDT,8,0.004217435458044419,0.5004242036177365,499704,124940
SOLUSDT,9,0.004471839008382512,0.5004282089659754,499694,124939
SOLUSDT,10,0.00471469494476715,0.5004562262882389,499684,124938
SOLUSDT,11,0.004944447415686272,0.4999319657107182,499674,124937
SOLUSDT,12,0.005166387886239793,0.5003922008068131,499664,124936
