symbol,fold,horizon,feature,gain,total_gain,gain_pct_of_total
BTCUSDT,0,1,sentiment_weighted,309.52017879486084,93872.69326019287,0.32972333917909885
BTCUSDT,0,1,news_intensity,147.74112939834595,93872.69326019287,0.15738456442156457
BTCUSDT,0,1,max_magnitude_60m,3.5195000171661377,93872.69326019287,0.003749226633362822
BTCUSDT,0,1,sentiment_dispersion,92.12106990814209,93872.69326019287,0.09813404378715788
BTCUSDT,0,1,event_hack_60m,0.0,93872.69326019287,0.0
BTCUSDT,0,1,event_regulation_60m,0.0,93872.69326019287,0.0
BTCUSDT,0,2,sentiment_weighted,378.40818071365356,100223.69656896591,0.3775635839307358
BTCUSDT,0,2,news_intensity,416.20519256591797,100223.69656896591,0.41527623387899976
BTCUSDT,0,2,max_magnitude_60m,72.58094930648804,100223.69656896591,0.07241895059871759
BTCUSDT,0,2,sentiment_dispersion,128.39143085479736,100223.69656896591,0.12810486466785692
BTCUSDT,0,2,event_hack_60m,0.0,100223.69656896591,0.0
BTCUSDT,0,2,event_regulation_60m,0.0,100223.69656896591,0.0
BTCUSDT,0,3,sentiment_weighted,720.2218980789185,111390.27522921562,0.6465752029042635
BTCUSDT,0,3,news_intensity,878.3551559448242,111390.27522921562,0.7885384555674819
BTCUSDT,0,3,max_magnitude_60m,27.675700187683105,111390.27522921562,0.024845705902721636
BTCUSDT,0,3,sentiment_dispersion,198.9077491760254,111390.27522921562,0.17856832543659568
BTCUSDT,0,3,event_hack_60m,0.0,111390.27522921562,0.0
BTCUSDT,0,3,event_regulation_60m,0.0,111390.27522921562,0.0
BTCUSDT,0,4,sentiment_weighted,971.8395276069641,122530.07783269882,0.7931436466839618
BTCUSDT,0,4,news_intensity,979.169303894043,122530.07783269882,0.799125668744771
BTCUSDT,0,4,max_magnitude_60m,10.781000137329102,122530.07783269882,0.008798656075326547
BTCUSDT,0,4,sentiment_dispersion,246.43156337738037,122530.07783269882,0.20111924168844095
BTCUSDT,0,4,event_hack_60m,0.0,122530.07783269882,0.0
BTCUSDT,0,4,event_regulation_60m,0.0,122530.07783269882,0.0
BTCUSDT,0,5,sentiment_weighted,897.9870328903198,132086.43645715714,0.6798480275312645
BTCUSDT,0,5,news_intensity,1103.6968789100647,132086.43645715714,0.8355868388258426
BTCUSDT,0,5,max_magnitude_60m,17.336539268493652,132086.43645715714,0.013125147239562967
BTCUSDT,0,5,sentiment_dispersion,308.62160205841064,132086.43645715714,0.23365124409160173
BTCUSDT,0,5,event_hack_60m,0.0,132086.43645715714,0.0
BTCUSDT,0,5,event_regulation_60m,0.0,132086.43645715714,0.0
BTCUSDT,0,6,sentiment_weighted,1421.4321999549866,145678.73129224777,0.9757307654632406
BTCUSDT,0,6,news_intensity,1555.8928484916687,145678.73129224777,1.0680302022746027
BTCUSDT,0,6,max_magnitude_60m,24.30430030822754,145678.73129224777,0.016683492567951052
BTCUSDT,0,6,sentiment_dispersion,409.16679859161377,145678.73129224777,0.2808692764977336
BTCUSDT,0,6,event_hack_60m,0.0,145678.73129224777,0.0
BTCUSDT,0,6,event_regulation_60m,0.0,145678.73129224777,0.0
BTCUSDT,0,7,sentiment_weighted,1106.3671417236328,154720.99075126648,0.7150724257591251
BTCUSDT,0,7,news_intensity,1838.6178574562073,154720.99075126648,1.1883441597216873
BTCUSDT,0,7,max_magnitude_60m,24.956700325012207,154720.99075126648,0.016130132184283417
BTCUSDT,0,7,sentiment_dispersion,808.9927654266357,154720.99075126648,0.5228720172346839
BTCUSDT,0,7,event_hack_60m,0.0,154720.99075126648,0.0
BTCUSDT,0,7,event_regulation_60m,0.0,154720.99075126648,0.0
BTCUSDT,0,8,sentiment_weighted,1863.0995545387268,166907.71919631958,1.1162452902177151
BTCUSDT,0,8,news_intensity,2501.2459840774536,166907.71919631958,1.49858017119954
BTCUSDT,0,8,max_magnitude_60m,15.685700416564941,166907.71919631958,0.009397828028621711
BTCUSDT,0,8,sentiment_dispersion,471.4444990158081,166907.71919631958,0.28245817586260785
BTCUSDT,0,8,event_hack_60m,0.0,166907.71919631958,0.0
BTCUSDT,0,8,event_regulation_60m,0.0,166907.71919631958,0.0
BTCUSDT,0,9,sentiment_weighted,1950.0403904914856,178286.84636354446,1.0937657097345033
BTCUSDT,0,9,news_intensity,2529.210096359253,178286.84636354446,1.4186184499567311
BTCUSDT,0,9,max_magnitude_60m,159.98319911956787,178286.84636354446,0.08973359638284607
BTCUSDT,0,9,sentiment_dispersion,653.5518035888672,178286.84636354446,0.3665732031942562
BTCUSDT,0,9,event_hack_60m,0.0,178286.84636354446,0.0
BTCUSDT,0,9,event_regulation_60m,0.0,178286.84636354446,0.0
BTCUSDT,0,10,sentiment_weighted,2671.777763366699,188600.19893550873,1.4166357079402159
BTCUSDT,0,10,news_intensity,3140.5052285194397,188600.19893550873,1.6651653848961878
BTCUSDT,0,10,max_magnitude_60m,136.15349960327148,188600.19893550873,0.07219159914557076
BTCUSDT,0,10,sentiment_dispersion,718.3935995101929,188600.19893550873,0.38090818756551015
BTCUSDT,0,10,event_hack_60m,0.0,188600.19893550873,0.0
BTCUSDT,0,10,event_regulation_60m,0.0,188600.19893550873,0.0
BTCUSDT,0,11,sentiment_weighted,2704.3418021202087,197613.98609495163,1.3684971674124313
BTCUSDT,0,11,news_intensity,2998.9352645874023,197613.98609495163,1.5175723762519737
BTCUSDT,0,11,max_magnitude_60m,91.30059814453125,197613.98609495163,0.04620148601256501
BTCUSDT,0,11,sentiment_dispersion,1047.772204399109,197613.98609495163,0.530211563009343
BTCUSDT,0,11,event_hack_60m,0.0,197613.98609495163,0.0
BTCUSDT,0,11,event_regulation_60m,0.0,197613.98609495163,0.0
BTCUSDT,0,12,sentiment_weighted,3426.0041856765747,205736.35656929016,1.6652400396342817
BTCUSDT,0,12,news_intensity,2897.711658000946,205736.35656929016,1.4084587217937938
BTCUSDT,0,12,max_magnitude_60m,53.321709632873535,205736.35656929016,0.02591749485702361
BTCUSDT,0,12,sentiment_dispersion,746.0547018051147,205736.35656929016,0.3626265742456901
BTCUSDT,0,12,event_hack_60m,0.0,205736.35656929016,0.0
BTCUSDT,0,12,event_regulation_60m,0.0,205736.35656929016,0.0
BTCUSDT,1,1,sentiment_weighted,855.7539386749268,115876.06101036072,0.7385079637790001
BTCUSDT,1,1,news_intensity,1093.723659992218,115876.06101036072,0.9438736961333418
BTCUSDT,1,1,max_magnitude_60m,73.50366020202637,115876.06101036072,0.063432998637617
BTCUSDT,1,1,sentiment_dispersion,795.0493075847626,115876.06101036072,0.6861204123202597
BTCUSDT,1,1,event_hack_60m,0.0,115876.06101036072,0.0
BTCUSDT,1,1,event_regulation_60m,0.0,115876.06101036072,0.0
BTCUSDT,1,2,sentiment_weighted,1163.3120093345642,132264.41408491135,0.8795351473660473
BTCUSDT,1,2,news_intensity,1732.126060962677,132264.41408491135,1.3095934178112971
BTCUSDT,1,2,max_magnitude_60m,306.23313999176025,132264.41408491135,0.2315310146803086
BTCUSDT,1,2,sentiment_dispersion,1066.8622107505798,132264.41408491135,0.8066131908055585
BTCUSDT,1,2,event_hack_60m,0.0,132264.41408491135,0.0
BTCUSDT,1,2,event_regulation_60m,0.0,132264.41408491135,0.0
BTCUSDT,1,3,sentiment_weighted,2081.8651037216187,149129.57158899307,1.3960109195909984
BTCUSDT,1,3,news_intensity,2054.6942048072815,149129.57158899307,1.3777912609244924
BTCUSDT,1,3,max_magnitude_60m,379.68299293518066,149129.57158899307,0.25459939895864636
BTCUSDT,1,3,sentiment_dispersion,1411.4513235092163,149129.57158899307,0.9464597185320368
BTCUSDT,1,3,event_hack_60m,0.0,149129.57158899307,0.0
BTCUSDT,1,3,event_regulation_60m,0.0,149129.57158899307,0.0
BTCUSDT,1,4,sentiment_weighted,2594.82061958313,170020.41920900345,1.5261817560826958
BTCUSDT,1,4,news_intensity,3302.5103797912598,170020.41920900345,1.9424198547184708
BTCUSDT,1,4,max_magnitude_60m,532.8465013504028,170020.41920900345,0.31340147485190173
BTCUSDT,1,4,sentiment_dispersion,2003.8456931114197,170020.41920900345,1.1785911965362958
BTCUSDT,1,4,event_hack_60m,0.0,170020.41920900345,0.0
BTCUSDT,1,4,event_regulation_60m,0.0,170020.41920900345,0.0
BTCUSDT,1,5,sentiment_weighted,3644.728629589081,191860.62693071365,1.8996751380914105
BTCUSDT,1,5,news_intensity,4241.662636756897,191860.62693071365,2.2108041157859253
BTCUSDT,1,5,max_magnitude_60m,774.3750853538513,191860.62693071365,0.403613340445041
BTCUSDT,1,5,sentiment_dispersion,2410.256420135498,191860.62693071365,1.2562538018839637
BTCUSDT,1,5,event_hack_60m,0.0,191860.62693071365,0.0
BTCUSDT,1,5,event_regulation_60m,0.0,191860.62693071365,0.0
BTCUSDT,1,6,sentiment_weighted,5021.636036396027,212718.02191638947,2.360700795896749
BTCUSDT,1,6,news_intensity,4974.3403034210205,212718.02191638947,2.338466792144309
BTCUSDT,1,6,max_magnitude_60m,1115.2368354797363,212718.02191638947,0.5242794312548136
BTCUSDT,1,6,sentiment_dispersion,3804.27147769928,212718.02191638947,1.7884105180305687
BTCUSDT,1,6,event_hack_60m,0.0,212718.02191638947,0.0
BTCUSDT,1,6,event_regulation_60m,0.0,212718.02191638947,0.0
BTCUSDT,1,7,sentiment_weighted,6510.353979587555,237175.21054029465,2.7449554971435286
BTCUSDT,1,7,news_intensity,6171.278571128845,237175.21054029465,2.6019913957577714
BTCUSDT,1,7,max_magnitude_60m,1295.6083073616028,237175.21054029465,0.5462663253930101
BTCUSDT,1,7,sentiment_dispersion,4195.874386310577,237175.21054029465,1.7691032619944584
BTCUSDT,1,7,event_hack_60m,0.0,237175.21054029465,0.0
BTCUSDT,1,7,event_regulation_60m,0.0,237175.21054029465,0.0
BTCUSDT,1,8,sentiment_weighted,8058.70224571228,252522.5342411995,3.1912804415367257
BTCUSDT,1,8,news_intensity,6956.058699607849,252522.5342411995,2.7546288969853667
BTCUSDT,1,8,max_magnitude_60m,1281.9785060882568,252522.5342411995,0.5076689531650914
BTCUSDT,1,8,sentiment_dispersion,4962.516739845276,252522.5342411995,1.9651777829479873
BTCUSDT,1,8,event_hack_60m,0.0,252522.5342411995,0.0
BTCUSDT,1,8,event_regulation_60m,0.0,252522.5342411995,0.0
BTCUSDT,1,9,sentiment_weighted,7821.186449050903,272087.9456400871,2.8745067814935923
BTCUSDT,1,9,news_intensity,7582.388687133789,272087.9456400871,2.786741863663314
BTCUSDT,1,9,max_magnitude_60m,1657.8344974517822,272087.9456400871,0.6093009719896724
BTCUSDT,1,9,sentiment_dispersion,6200.281311988831,272087.9456400871,2.2787783918183746
BTCUSDT,1,9,event_hack_60m,0.0,272087.9456400871,0.0
BTCUSDT,1,9,event_regulation_60m,0.0,272087.9456400871,0.0
BTCUSDT,1,10,sentiment_weighted,8958.421288967133,285853.9280023575,3.1339157560546975
BTCUSDT,1,10,news_intensity,8651.446208000183,285853.9280023575,3.0265269637746006
BTCUSDT,1,10,max_magnitude_60m,1949.4748649597168,285853.9280023575,0.6819828849592157
BTCUSDT,1,10,sentiment_dispersion,6271.504305839539,285853.9280023575,2.193954216290432
BTCUSDT,1,10,event_hack_60m,0.0,285853.9280023575,0.0
BTCUSDT,1,10,event_regulation_60m,0.0,285853.9280023575,0.0
BTCUSDT,1,11,sentiment_weighted,9687.34768295288,298581.36102581024,3.2444582775263986
BTCUSDT,1,11,news_intensity,8444.390999794006,298581.36102581024,2.8281708445504905
BTCUSDT,1,11,max_magnitude_60m,1769.1323909759521,298581.36102581024,0.5925126688745395
BTCUSDT,1,11,sentiment_dispersion,6034.011479377747,298581.36102581024,2.0208935543220825
BTCUSDT,1,11,event_hack_60m,0.0,298581.36102581024,0.0
BTCUSDT,1,11,event_regulation_60m,0.0,298581.36102581024,0.0
BTCUSDT,1,12,sentiment_weighted,11618.605898857117,321432.43619823456,3.6146339293809366
BTCUSDT,1,12,news_intensity,9384.274194717407,321432.43619823456,2.9195168682136097
BTCUSDT,1,12,max_magnitude_60m,1617.3559017181396,321432.43619823456,0.5031713416503741
BTCUSDT,1,12,sentiment_dispersion,8198.903405189514,321432.43619823456,2.5507392788863
BTCUSDT,1,12,event_hack_60m,0.0,321432.43619823456,0.0
BTCUSDT,1,12,event_regulation_60m,0.0,321432.43619823456,0.0
BTCUSDT,2,1,sentiment_weighted,1209.1550674438477,138174.624011755,0.8750919903650185
BTCUSDT,2,1,news_intensity,872.4451808929443,138174.624011755,0.6314076749857648
BTCUSDT,2,1,max_magnitude_60m,144.0143895149231,138174.624011755,0.1042263661254264
BTCUSDT,2,1,sentiment_dispersion,887.6870212554932,138174.624011755,0.6424385284956335
BTCUSDT,2,1,event_hack_60m,0.0,138174.624011755,0.0
BTCUSDT,2,1,event_regulation_60m,0.0,138174.624011755,0.0
BTCUSDT,2,2,sentiment_weighted,1603.053596496582,155881.47253870964,1.0283798134499276
BTCUSDT,2,2,news_intensity,1083.631419658661,155881.47253870964,0.6951637048396277
BTCUSDT,2,2,max_magnitude_60m,432.6623024940491,155881.47253870964,0.2775585163827646
BTCUSDT,2,2,sentiment_dispersion,1248.1788787841797,155881.47253870964,0.8007230483880775
BTCUSDT,2,2,event_hack_60m,0.0,155881.47253870964,0.0
BTCUSDT,2,2,event_regulation_60m,0.0,155881.47253870964,0.0
BTCUSDT,2,3,sentiment_weighted,2839.6548318862915,179491.68152713776,1.5820537240089076
BTCUSDT,2,3,news_intensity,2811.137312889099,179491.68152713776,1.5661657905099502
BTCUSDT,2,3,max_magnitude_60m,519.0017194747925,179491.68152713776,0.28915084813906733
BTCUSDT,2,3,sentiment_dispersion,2108.8708968162537,179491.68152713776,1.1749128866996594
BTCUSDT,2,3,event_hack_60m,11.16919994354248,179491.68152713776,0.00622268388624672
BTCUSDT,2,3,event_regulation_60m,0.0,179491.68152713776,0.0
BTCUSDT,2,4,sentiment_weighted,3424.2733159065247,205957.24799585342,1.6626136488168002
BTCUSDT,2,4,news_intensity,3011.024734020233,205957.24799585342,1.4619658998749365
BTCUSDT,2,4,max_magnitude_60m,855.8366312980652,205957.24799585342,0.4155409142558051
BTCUSDT,2,4,sentiment_dispersion,2908.148672580719,205957.24799585342,1.4120156978594263
BTCUSDT,2,4,event_hack_60m,35.58016014099121,205957.24799585342,0.01727550765375713
BTCUSDT,2,4,event_regulation_60m,0.0,205957.24799585342,0.0
BTCUSDT,2,5,sentiment_weighted,5103.5314264297485,233801.67213010788,2.182846418476294
BTCUSDT,2,5,news_intensity,3958.2312335968018,233801.67213010788,1.692986708578411
BTCUSDT,2,5,max_magnitude_60m,1391.6556873321533,233801.67213010788,0.5952291421413416
BTCUSDT,2,5,sentiment_dispersion,4119.161231994629,233801.67213010788,1.7618185509393467
BTCUSDT,2,5,event_hack_60m,0.0,233801.67213010788,0.0
BTCUSDT,2,5,event_regulation_60m,0.0,233801.67213010788,0.0
BTCUSDT,2,6,sentiment_weighted,5869.8228487968445,258601.10966539383,2.269836682600418
BTCUSDT,2,6,news_intensity,4802.83152961731,258601.10966539383,1.857235468104423
BTCUSDT,2,6,max_magnitude_60m,2057.6893157958984,258601.10966539383,0.7957001106678777
BTCUSDT,2,6,sentiment_dispersion,4103.0799469947815,258601.10966539383,1.5866443698960886
BTCUSDT,2,6,event_hack_60m,0.0,258601.10966539383,0.0
BTCUSDT,2,6,event_regulation_60m,0.0,258601.10966539383,0.0
BTCUSDT,2,7,sentiment_weighted,6385.025146961212,282827.32659482956,2.257570095448457
BTCUSDT,2,7,news_intensity,6289.861124038696,282827.32659482956,2.2239227021543693
BTCUSDT,2,7,max_magnitude_60m,1681.4691729545593,282827.32659482956,0.5945214676385866
BTCUSDT,2,7,sentiment_dispersion,5046.754257202148,282827.32659482956,1.784394145347909
BTCUSDT,2,7,event_hack_60m,0.0,282827.32659482956,0.0
BTCUSDT,2,7,event_regulation_60m,0.0,282827.32659482956,0.0
BTCUSDT,2,8,sentiment_weighted,8213.245399951935,298959.5502166748,2.747276477369356
BTCUSDT,2,8,news_intensity,7299.54055929184,298959.5502166748,2.4416482276620375
BTCUSDT,2,8,max_magnitude_60m,2058.4881014823914,298959.5502166748,0.6885507086127456
BTCUSDT,2,8,sentiment_dispersion,5988.997402191162,298959.5502166748,2.003280175478776
BTCUSDT,2,8,event_hack_60m,0.0,298959.5502166748,0.0
BTCUSDT,2,8,event_regulation_60m,0.0,298959.5502166748,0.0
BTCUSDT,2,9,sentiment_weighted,8640.816906929016,316297.81105422974,2.731861114728845
BTCUSDT,2,9,news_intensity,8074.954640388489,316297.81105422974,2.5529593813736593
BTCUSDT,2,9,max_magnitude_60m,1923.8321151733398,316297.81105422974,0.6082344069221193
BTCUSDT,2,9,sentiment_dispersion,6001.300911426544,316297.81105422974,1.8973577121586884
BTCUSDT,2,9,event_hack_60m,0.0,316297.81105422974,0.0
BTCUSDT,2,9,event_regulation_60m,0.0,316297.81105422974,0.0
BTCUSDT,2,10,sentiment_weighted,10711.250220298767,338297.0444364548,3.1662263671684996
BTCUSDT,2,10,news_intensity,6976.827677726746,338297.0444364548,2.062337756851808
BTCUSDT,2,10,max_magnitude_60m,1926.0158548355103,338297.0444364548,0.5693268346591454
BTCUSDT,2,10,sentiment_dispersion,6526.069183349609,338297.0444364548,1.9290943538158685
BTCUSDT,2,10,event_hack_60m,0.0,338297.0444364548,0.0
BTCUSDT,2,10,event_regulation_60m,0.0,338297.0444364548,0.0
BTCUSDT,2,11,sentiment_weighted,10789.374471664429,359445.04071235657,3.001675708275678
BTCUSDT,2,11,news_intensity,7276.369264602661,359445.04071235657,2.02433430439941
BTCUSDT,2,11,max_magnitude_60m,2065.8995971679688,359445.04071235657,0.574747002510793
BTCUSDT,2,11,sentiment_dispersion,8404.4294090271,359445.04071235657,2.338168136183213
BTCUSDT,2,11,event_hack_60m,0.0,359445.04071235657,0.0
BTCUSDT,2,11,event_regulation_60m,0.0,359445.04071235657,0.0
BTCUSDT,2,12,sentiment_weighted,11607.014391899109,379237.0344924927,3.0606226017540696
BTCUSDT,2,12,news_intensity,8956.266380310059,379237.0344924927,2.36165394350149
BTCUSDT,2,12,max_magnitude_60m,2923.0461950302124,379237.0344924927,0.7707702384451792
BTCUSDT,2,12,sentiment_dispersion,9696.337384223938,379237.0344924927,2.55680128846063
BTCUSDT,2,12,event_hack_60m,0.0,379237.0344924927,0.0
BTCUSDT,2,12,event_regulation_60m,0.0,379237.0344924927,0.0
BTCUSDT,3,1,sentiment_weighted,1196.0162427425385,151031.1174478531,0.7919005453664144
BTCUSDT,3,1,news_intensity,905.4935312271118,151031.1174478531,0.5995410393091701
BTCUSDT,3,1,max_magnitude_60m,335.15251874923706,151031.1174478531,0.221909580232667
BTCUSDT,3,1,sentiment_dispersion,935.5281982421875,151031.1174478531,0.6194274491580848
BTCUSDT,3,1,event_hack_60m,91.65866136550903,151031.1174478531,0.060688593790717504
BTCUSDT,3,1,event_regulation_60m,0.0,151031.1174478531,0.0
BTCUSDT,3,2,sentiment_weighted,1760.3019762039185,173061.36471700668,1.0171547988670946
BTCUSDT,3,2,news_intensity,1361.1112036705017,173061.36471700668,0.7864905063566425
BTCUSDT,3,2,max_magnitude_60m,436.61178970336914,173061.36471700668,0.25228726840177484
BTCUSDT,3,2,sentiment_dispersion,1747.7455883026123,173061.36471700668,1.0098993447558673
BTCUSDT,3,2,event_hack_60m,161.412109375,173061.36471700668,0.09326871404194936
BTCUSDT,3,2,event_regulation_60m,0.0,173061.36471700668,0.0
BTCUSDT,3,3,sentiment_weighted,2789.290413379669,196232.34878063202,1.4214223244597732
BTCUSDT,3,3,news_intensity,2756.870336532593,196232.34878063202,1.4049010541144242
BTCUSDT,3,3,max_magnitude_60m,775.803129196167,196232.34878063202,0.3953492551136086
BTCUSDT,3,3,sentiment_dispersion,2881.7276315689087,196232.34878063202,1.4685283285226278
BTCUSDT,3,3,event_hack_60m,183.9007797241211,196232.34878063202,0.09371583271915256
BTCUSDT,3,3,event_regulation_60m,0.0,196232.34878063202,0.0
BTCUSDT,3,4,sentiment_weighted,4058.963339328766,222430.5345506668,1.8248229037116241
BTCUSDT,3,4,news_intensity,3382.5998363494873,222430.5345506668,1.5207443722520815
BTCUSDT,3,4,max_magnitude_60m,1224.6615567207336,222430.5345506668,0.550581582332965
BTCUSDT,3,4,sentiment_dispersion,3476.7264637947083,222430.5345506668,1.5630616861205964
BTCUSDT,3,4,event_hack_60m,340.40136098861694,222430.5345506668,0.15303715457783873
BTCUSDT,3,4,event_regulation_60m,0.0,222430.5345506668,0.0
BTCUSDT,3,5,sentiment_weighted,4596.331066608429,253757.33450841904,1.8113096417537968
BTCUSDT,3,5,news_intensity,4888.060832023621,253757.33450841904,1.9262737140161152
BTCUSDT,3,5,max_magnitude_60m,1738.7161979675293,253757.33450841904,0.6851885488692517
BTCUSDT,3,5,sentiment_dispersion,4738.985760688782,253757.33450841904,1.8675266154845087
BTCUSDT,3,5,event_hack_60m,318.61578941345215,253757.33450841904,0.12555924345228386
BTCUSDT,3,5,event_regulation_60m,20.082000732421875,253757.33450841904,0.007913860212681105
BTCUSDT,3,6,sentiment_weighted,5419.444553852081,279007.46297454834,1.942401287791522
BTCUSDT,3,6,news_intensity,5525.313321113586,279007.46297454834,1.980346067523512
BTCUSDT,3,6,max_magnitude_60m,2345.5828790664673,279007.46297454834,0.8406882217628839
BTCUSDT,3,6,sentiment_dispersion,5948.85705280304,279007.46297454834,2.132149796059651
BTCUSDT,3,6,event_hack_60m,402.48913860321045,279007.46297454834,0.14425748125594992
BTCUSDT,3,6,event_regulation_60m,0.0,279007.46297454834,0.0
BTCUSDT,3,7,sentiment_weighted,7169.215294837952,303593.15458869934,2.3614548570934124
BTCUSDT,3,7,news_intensity,5688.234924316406,303593.15458869934,1.8736374118918093
BTCUSDT,3,7,max_magnitude_60m,3271.5161695480347,303593.15458869934,1.077598793022921
BTCUSDT,3,7,sentiment_dispersion,7678.5188665390015,303593.15458869934,2.529213439262711
BTCUSDT,3,7,event_hack_60m,430.47521781921387,303593.15458869934,0.14179345328204496
BTCUSDT,3,7,event_regulation_60m,0.0,303593.15458869934,0.0
BTCUSDT,3,8,sentiment_weighted,7490.301931381226,322407.3275704384,2.323241840632413
BTCUSDT,3,8,news_intensity,6928.743287086487,322407.3275704384,2.1490650784209366
BTCUSDT,3,8,max_magnitude_60m,3579.1183309555054,322407.3275704384,1.1101231345846359
BTCUSDT,3,8,sentiment_dispersion,8321.11566400528,322407.3275704384,2.580932550978486
BTCUSDT,3,8,event_hack_60m,450.44958782196045,322407.3275704384,0.13971443863153135
BTCUSDT,3,8,event_regulation_60m,28.329500198364258,322407.3275704384,0.008786866108734744
BTCUSDT,3,9,sentiment_weighted,8778.43056678772,343475.05599594116,2.5557694550289134
BTCUSDT,3,9,news_intensity,7605.971252441406,343475.05599594116,2.2144173556903897
BTCUSDT,3,9,max_magnitude_60m,3214.263765335083,343475.05599594116,0.9358070431097232
BTCUSDT,3,9,sentiment_dispersion,9015.009351730347,343475.05599594116,2.6246474654732648
BTCUSDT,3,9,event_hack_60m,552.2413272857666,343475.05599594116,0.160780620789037
BTCUSDT,3,9,event_regulation_60m,43.162200927734375,343475.05599594116,0.012566327648620989
BTCUSDT,3,10,sentiment_weighted,9732.160033226013,367314.27875995636,2.649545796608163
BTCUSDT,3,10,news_intensity,8582.042466163635,367314.27875995636,2.3364303982781154
BTCUSDT,3,10,max_magnitude_60m,3191.675395011902,367314.27875995636,0.868922222622795
BTCUSDT,3,10,sentiment_dispersion,10636.531549453735,367314.27875995636,2.8957577106347174
BTCUSDT,3,10,event_hack_60m,535.1212968826294,367314.27875995636,0.14568486111925333
BTCUSDT,3,10,event_regulation_60m,0.0,367314.27875995636,0.0
BTCUSDT,3,11,sentiment_weighted,10435.386013031006,382813.4391269684,2.7259716996429386
BTCUSDT,3,11,news_intensity,9088.702094078064,382813.4391269684,2.3741857430098214
BTCUSDT,3,11,max_magnitude_60m,3482.9442920684814,382813.4391269684,0.9098281136659069
BTCUSDT,3,11,sentiment_dispersion,10602.852669715881,382813.4391269684,2.7697179842735915
BTCUSDT,3,11,event_hack_60m,369.496298789978,382813.4391269684,0.09652124534411306
BTCUSDT,3,11,event_regulation_60m,0.0,382813.4391269684,0.0
BTCUSDT,3,12,sentiment_weighted,10911.625784873962,403114.39959049225,2.7068310623382956
BTCUSDT,3,12,news_intensity,9942.39912033081,403114.39959049225,2.466396420080973
BTCUSDT,3,12,max_magnitude_60m,3804.157814979553,403114.39959049225,0.9436918698126499
BTCUSDT,3,12,sentiment_dispersion,12783.132497787476,403114.39959049225,3.171092997613915
BTCUSDT,3,12,event_hack_60m,415.5343990325928,403114.39959049225,0.10308101111116783
BTCUSDT,3,12,event_regulation_60m,45.379600524902344,403114.39959049225,0.01125725118502382
BTCUSDT,4,1,sentiment_weighted,1000.4730689525604,158888.41061258316,0.6296702604647542
BTCUSDT,4,1,news_intensity,915.6856966018677,158888.41061258316,0.5763074179365918
BTCUSDT,4,1,max_magnitude_60m,331.1680006980896,158888.41061258316,0.20842804042239113
BTCUSDT,4,1,sentiment_dispersion,857.2724809646606,158888.41061258316,0.5395437449839837
BTCUSDT,4,1,event_hack_60m,50.96194076538086,158888.41061258316,0.032074045280521504
BTCUSDT,4,1,event_regulation_60m,0.0,158888.41061258316,0.0
BTCUSDT,4,2,sentiment_weighted,1480.0040130615234,183091.41516947746,0.8083415662561605
BTCUSDT,4,2,news_intensity,1796.3920679092407,183091.41516947746,0.9811448921547857
BTCUSDT,4,2,max_magnitude_60m,606.4439811706543,183091.41516947746,0.33122469483853356
BTCUSDT,4,2,sentiment_dispersion,1927.6682195663452,183091.41516947746,1.0528446774973097
BTCUSDT,4,2,event_hack_60m,99.92918014526367,183091.41516947746,0.054578845246657154
BTCUSDT,4,2,event_regulation_60m,0.0,183091.41516947746,0.0
BTCUSDT,4,3,sentiment_weighted,2479.6840286254883,208299.1612815857,1.190443597261234
BTCUSDT,4,3,news_intensity,2469.1464080810547,208299.1612815857,1.1853847096115673
BTCUSDT,4,3,max_magnitude_60m,1477.080804824829,208299.1612815857,0.7091150995217222
BTCUSDT,4,3,sentiment_dispersion,3183.2770013809204,208299.1612815857,1.5282236288400899
BTCUSDT,4,3,event_hack_60m,228.17117929458618,208299.1612815857,0.10954013347472717
BTCUSDT,4,3,event_regulation_60m,0.0,208299.1612815857,0.0
BTCUSDT,4,4,sentiment_weighted,4230.625856399536,239443.51321792603,1.7668575771977977
BTCUSDT,4,4,news_intensity,3575.3512239456177,239443.51321792603,1.4931919332020342
BTCUSDT,4,4,max_magnitude_60m,1907.8323030471802,239443.51321792603,0.7967776104716582
BTCUSDT,4,4,sentiment_dispersion,3993.0017104148865,239443.51321792603,1.6676174086957678
BTCUSDT,4,4,event_hack_60m,272.1324076652527,239443.51321792603,0.11365202757344083
BTCUSDT,4,4,event_regulation_60m,0.0,239443.51321792603,0.0
BTCUSDT,4,5,sentiment_weighted,4669.28493309021,268349.73469877243,1.7399998320592973
BTCUSDT,4,5,news_intensity,4862.089378356934,268349.73469877243,1.8118480287728698
BTCUSDT,4,5,max_magnitude_60m,1917.7702732086182,268349.73469877243,0.7146533144000873
BTCUSDT,4,5,sentiment_dispersion,5306.9211502075195,268349.73469877243,1.9776137122567448
BTCUSDT,4,5,event_hack_60m,387.87183237075806,268349.73469877243,0.14453967424493688
BTCUSDT,4,5,event_regulation_60m,0.0,268349.73469877243,0.0
BTCUSDT,4,6,sentiment_weighted,6326.938485622406,296559.6195549965,2.1334457115625907
BTCUSDT,4,6,news_intensity,5423.824502944946,296559.6195549965,1.828915383383511
BTCUSDT,4,6,max_magnitude_60m,2954.6470909118652,296559.6195549965,0.9963079583611115
BTCUSDT,4,6,sentiment_dispersion,6207.712511539459,296559.6195549965,2.0932426743919024
BTCUSDT,4,6,event_hack_60m,283.40867948532104,296559.6195549965,0.09556549873869911
BTCUSDT,4,6,event_regulation_60m,0.0,296559.6195549965,0.0
BTCUSDT,4,7,sentiment_weighted,8250.787832736969,326505.49669885635,2.5269981412738245
BTCUSDT,4,7,news_intensity,7128.903604507446,326505.49669885635,2.183394667650144
BTCUSDT,4,7,max_magnitude_60m,3034.204996109009,326505.49669885635,0.9292967581821531
BTCUSDT,4,7,sentiment_dispersion,8132.354168891907,326505.49669885635,2.4907250417265003
BTCUSDT,4,7,event_hack_60m,256.05450916290283,326505.49669885635,0.07842272542170028
BTCUSDT,4,7,event_regulation_60m,0.0,326505.49669885635,0.0
BTCUSDT,4,8,sentiment_weighted,8987.284139156342,346393.1527838707,2.59453285000812
BTCUSDT,4,8,news_intensity,7680.668530464172,346393.1527838707,2.217326892502539
BTCUSDT,4,8,max_magnitude_60m,3277.4238204956055,346393.1527838707,0.9461572188006062
BTCUSDT,4,8,sentiment_dispersion,9245.692693710327,346393.1527838707,2.6691326371220465
BTCUSDT,4,8,event_hack_60m,401.60502004623413,346393.1527838707,0.11593907582140126
BTCUSDT,4,8,event_regulation_60m,0.0,346393.1527838707,0.0
BTCUSDT,4,9,sentiment_weighted,9970.989877700806,364272.1822576523,2.737236155641513
BTCUSDT,4,9,news_intensity,7901.342043876648,364272.1822576523,2.169076429308009
BTCUSDT,4,9,max_magnitude_60m,3673.9862909317017,364272.1822576523,1.0085827218980628
BTCUSDT,4,9,sentiment_dispersion,10328.943832397461,364272.1822576523,2.8355016758023335
BTCUSDT,4,9,event_hack_60m,387.76746940612793,364272.1822576523,0.10644992626196673
BTCUSDT,4,9,event_regulation_60m,27.087799072265625,364272.1822576523,0.007436142640479265
BTCUSDT,4,10,sentiment_weighted,9842.295825958252,390742.05166625977,2.5188729454603838
BTCUSDT,4,10,news_intensity,7540.346460342407,390742.05166625977,1.9297504397562923
BTCUSDT,4,10,max_magnitude_60m,4064.724105834961,390742.05166625977,1.0402576555304366
BTCUSDT,4,10,sentiment_dispersion,12116.776782989502,390742.05166625977,3.100965645064144
BTCUSDT,4,10,event_hack_60m,455.077898979187,390742.05166625977,0.11646504312463346
BTCUSDT,4,10,event_regulation_60m,0.0,390742.05166625977,0.0
BTCUSDT,4,11,sentiment_weighted,11048.976538658142,417719.097987175,2.6450733499853945
BTCUSDT,4,11,news_intensity,9800.30840587616,417719.097987175,2.3461480341933165
BTCUSDT,4,11,max_magnitude_60m,3631.4043006896973,417719.097987175,0.8693412195391628
BTCUSDT,4,11,sentiment_dispersion,15582.60925579071,417719.097987175,3.7304038361849416
BTCUSDT,4,11,event_hack_60m,408.9531021118164,417719.097987175,0.09790146155212952
BTCUSDT,4,11,event_regulation_60m,0.0,417719.097987175,0.0
BTCUSDT,4,12,sentiment_weighted,11974.247296333313,432898.8237552643,2.7660614072499428
BTCUSDT,4,12,news_intensity,8930.205598831177,432898.8237552643,2.0628851613327077
BTCUSDT,4,12,max_magnitude_60m,3233.6830158233643,432898.8237552643,0.7469835532866912
BTCUSDT,4,12,sentiment_dispersion,14837.961990356445,432898.8237552643,3.4275819605240976
BTCUSDT,4,12,event_hack_60m,274.59679889678955,432898.8237552643,0.06343209633021099
BTCUSDT,4,12,event_regulation_60m,0.0,432898.8237552643,0.0
BTCUSDT,5,1,sentiment_weighted,1061.1417496204376,170744.58462142944,0.6214790073566164
BTCUSDT,5,1,news_intensity,905.1288120746613,170744.58462142944,0.5301068927494772
BTCUSDT,5,1,max_magnitude_60m,302.2887797355652,170744.58462142944,0.17704150348650421
BTCUSDT,5,1,sentiment_dispersion,1067.1855478286743,170744.58462142944,0.6250186793301884
BTCUSDT,5,1,event_hack_60m,17.29258966445923,170744.58462142944,0.01012775292569303
BTCUSDT,5,1,event_regulation_60m,8.090299606323242,170744.58462142944,0.00473824667661399
BTCUSDT,5,2,sentiment_weighted,1998.8345518112183,194415.07714033127,1.0281273351903846
BTCUSDT,5,2,news_intensity,1546.75785446167,194415.07714033127,0.7955956282882322
BTCUSDT,5,2,max_magnitude_60m,596.0485105514526,194415.07714033127,0.30658553817881995
BTCUSDT,5,2,sentiment_dispersion,1706.3174104690552,194415.07714033127,0.8776672239455039
BTCUSDT,5,2,event_hack_60m,57.02769947052002,194415.07714033127,0.029332961367680706
BTCUSDT,5,2,event_regulation_60m,0.0,194415.07714033127,0.0
BTCUSDT,5,3,sentiment_weighted,3518.874587059021,224052.2444138527,1.5705598469967643
BTCUSDT,5,3,news_intensity,2353.831611633301,224052.2444138527,1.0505726545124348
BTCUSDT,5,3,max_magnitude_60m,1167.3206977844238,224052.2444138527,0.5210037957166078
BTCUSDT,5,3,sentiment_dispersion,2659.5142130851746,224052.2444138527,1.187006280630118
BTCUSDT,5,3,event_hack_60m,95.72328901290894,224052.2444138527,0.04272364655990501
BTCUSDT,5,3,event_regulation_60m,59.30660057067871,224052.2444138527,0.026469987268296212
BTCUSDT,5,4,sentiment_weighted,3754.0196137428284,255147.9495487213,1.471310908193674
BTCUSDT,5,4,news_intensity,3437.326988220215,255147.9495487213,1.34718973611185
BTCUSDT,5,4,max_magnitude_60m,1698.3361988067627,255147.9495487213,0.6656280020319976
BTCUSDT,5,4,sentiment_dispersion,3700.595106124878,255147.9495487213,1.4503722693715935
BTCUSDT,5,4,event_hack_60m,276.1482582092285,255147.9495487213,0.10823063979061964
BTCUSDT,5,4,event_regulation_60m,54.2903995513916,255147.9495487213,0.02127800738646527
BTCUSDT,5,5,sentiment_weighted,4957.316808223724,289708.35690546036,1.7111404245205915
BTCUSDT,5,5,news_intensity,4979.236987113953,289708.35690546036,1.7187067160574907
BTCUSDT,5,5,max_magnitude_60m,2045.313576221466,289708.35690546036,0.7059905340904291
BTCUSDT,5,5,sentiment_dispersion,5178.700107574463,289708.35690546036,1.7875563421404554
BTCUSDT,5,5,event_hack_60m,348.8991618156433,289708.35690546036,0.12043116931193618
BTCUSDT,5,5,event_regulation_60m,108.0811996459961,289708.35690546036,0.037306897460768075
BTCUSDT,5,6,sentiment_weighted,6546.136021137238,318063.08891916275,2.0581250227375394
BTCUSDT,5,6,news_intensity,6061.923979759216,318063.08891916275,1.9058872880719218
BTCUSDT,5,6,max_magnitude_60m,2758.6755018234253,318063.08891916275,0.8673359462105191
BTCUSDT,5,6,sentiment_dispersion,6377.77984046936,318063.08891916275,2.0051933288273838
BTCUSDT,5,6,event_hack_60m,232.9902114868164,318063.08891916275,0.07325282926684774
BTCUSDT,5,6,event_regulation_60m,0.0,318063.08891916275,0.0
BTCUSDT,5,7,sentiment_weighted,8574.360987186432,347617.7316875458,2.466606333791237
BTCUSDT,5,7,news_intensity,6722.670499801636,347617.7316875458,1.9339262318886168
BTCUSDT,5,7,max_magnitude_60m,2572.574754714966,347617.7316875458,0.7400585528897329
BTCUSDT,5,7,sentiment_dispersion,7123.4354639053345,347617.7316875458,2.049215219639082
BTCUSDT,5,7,event_hack_60m,258.85279989242554,347617.7316875458,0.07446478596928821
BTCUSDT,5,7,event_regulation_60m,0.0,347617.7316875458,0.0
BTCUSDT,5,8,sentiment_weighted,8639.895770072937,365431.69803619385,2.3642983946119545
BTCUSDT,5,8,news_intensity,6811.1922063827515,365431.69803619385,1.863875586870448
BTCUSDT,5,8,max_magnitude_60m,3536.106833457947,365431.69803619385,0.967651917570576
BTCUSDT,5,8,sentiment_dispersion,9029.173112869263,365431.69803619385,2.4708237302323393
BTCUSDT,5,8,event_hack_60m,290.78878116607666,365431.69803619385,0.07957404426839726
BTCUSDT,5,8,event_regulation_60m,0.0,365431.69803619385,0.0
BTCUSDT,5,9,sentiment_weighted,10614.18281841278,390281.2190723419,2.7196242862112596
BTCUSDT,5,9,news_intensity,7120.92489528656,390281.2190723419,1.8245625326815014
BTCUSDT,5,9,max_magnitude_60m,3804.690502166748,390281.2190723419,0.9748587214137804
BTCUSDT,5,9,sentiment_dispersion,11100.765882492065,390281.2190723419,2.8442992744763473
BTCUSDT,5,9,event_hack_60m,359.56990337371826,390281.2190723419,0.09213097781860442
BTCUSDT,5,9,event_regulation_60m,96.7063980102539,390281.2190723419,0.02477864506012229
BTCUSDT,5,10,sentiment_weighted,10292.443559646606,410437.5511264801,2.5076759013394696
BTCUSDT,5,10,news_intensity,8014.501205444336,410437.5511264801,1.9526725036361485
BTCUSDT,5,10,max_magnitude_60m,2750.084400177002,410437.5511264801,0.670037230421331
BTCUSDT,5,10,sentiment_dispersion,12938.93250656128,410437.5511264801,3.152472884376515
BTCUSDT,5,10,event_hack_60m,357.7340364456177,410437.5511264801,0.08715918791148294
BTCUSDT,5,10,event_regulation_60m,26.833200454711914,410437.5511264801,0.006537706011807632
BTCUSDT,5,11,sentiment_weighted,11587.193804740906,438456.7454319,2.6427222127297845
BTCUSDT,5,11,news_intensity,8925.76621055603,438456.7454319,2.0357233190160504
BTCUSDT,5,11,max_magnitude_60m,3969.7421112060547,438456.7454319,0.9053896769898423
BTCUSDT,5,11,sentiment_dispersion,12902.815598487854,438456.7454319,2.942779586108999
BTCUSDT,5,11,event_hack_60m,232.72259902954102,438456.7454319,0.053077664206146166
BTCUSDT,5,11,event_regulation_60m,0.0,438456.7454319,0.0
BTCUSDT,5,12,sentiment_weighted,12889.326128005981,455312.76641464233,2.830872990780141
BTCUSDT,5,12,news_intensity,9718.826859474182,455312.76641464233,2.134538624077033
BTCUSDT,5,12,max_magnitude_60m,3753.6336975097656,455312.76641464233,0.8244077421917536
BTCUSDT,5,12,sentiment_dispersion,15325.14350605011,455312.76641464233,3.3658497271508243
BTCUSDT,5,12,event_hack_60m,37.053001403808594,455312.76641464233,0.008137922794386425
BTCUSDT,5,12,event_regulation_60m,35.99879837036133,455312.76641464233,0.007906388976051264
BTCUSDT,6,1,sentiment_weighted,1274.0402278900146,176188.86632490158,0.7231105202417372
BTCUSDT,6,1,news_intensity,1287.9308547973633,176188.86632490158,0.7309944616036923
BTCUSDT,6,1,max_magnitude_60m,409.4906177520752,176188.86632490158,0.2324157174591003
BTCUSDT,6,1,sentiment_dispersion,906.5768628120422,176188.86632490158,0.5145483263058556
BTCUSDT,6,1,event_hack_60m,24.90217113494873,176188.86632490158,0.014133793839746838
BTCUSDT,6,1,event_regulation_60m,26.54990005493164,176188.86632490158,0.015068999879919893
BTCUSDT,6,2,sentiment_weighted,1579.167061328888,204155.50524234772,0.7735118675611022
BTCUSDT,6,2,news_intensity,1616.734519958496,204155.50524234772,0.7919132614324127
BTCUSDT,6,2,max_magnitude_60m,813.4829216003418,204155.50524234772,0.3984623978837491
BTCUSDT,6,2,sentiment_dispersion,1691.716387271881,204155.50524234772,0.8286410818379296
BTCUSDT,6,2,event_hack_60m,23.902299880981445,204155.50524234772,0.011707888970521585
BTCUSDT,6,2,event_regulation_60m,79.47439956665039,204155.50524234772,0.03892836466609528
BTCUSDT,6,3,sentiment_weighted,3314.824870109558,234491.11781215668,1.413624917240984
BTCUSDT,6,3,news_intensity,2594.23152923584,234491.11781215668,1.1063240064018098
BTCUSDT,6,3,max_magnitude_60m,1638.1536531448364,234491.11781215668,0.6985994473603511
BTCUSDT,6,3,sentiment_dispersion,2909.961144924164,234491.11781215668,1.240968601316166
BTCUSDT,6,3,event_hack_60m,100.63226127624512,234491.11781215668,0.04291516975788328
BTCUSDT,6,3,event_regulation_60m,124.44620037078857,234491.11781215668,0.05307075233036265
BTCUSDT,6,4,sentiment_weighted,4490.664714336395,267154.7867898941,1.680922422650848
BTCUSDT,6,4,news_intensity,3381.5830268859863,267154.7867898941,1.2657766935486199
BTCUSDT,6,4,max_magnitude_60m,2050.684700012207,267154.7867898941,0.7676017056078368
BTCUSDT,6,4,sentiment_dispersion,4315.846225738525,267154.7867898941,1.6154852688949777
BTCUSDT,6,4,event_hack_60m,149.7900218963623,267154.7867898941,0.056068627366263814
BTCUSDT,6,4,event_regulation_60m,98.86996984481812,267154.7867898941,0.03700849647233727
BTCUSDT,6,5,sentiment_weighted,5429.828612327576,299141.1626839638,1.8151392351389877
BTCUSDT,6,5,news_intensity,5072.815386772156,299141.1626839638,1.695793163755092
BTCUSDT,6,5,max_magnitude_60m,2079.260227203369,299141.1626839638,0.6950766014772976
BTCUSDT,6,5,sentiment_dispersion,6137.822926521301,299141.1626839638,2.0518148928256252
BTCUSDT,6,5,event_hack_60m,190.29249954223633,299141.1626839638,0.0636129437469882
BTCUSDT,6,5,event_regulation_60m,171.65296983718872,299141.1626839638,0.057381929085612474
BTCUSDT,6,6,sentiment_weighted,7446.375803947449,328989.07158613205,2.2634112944988587
BTCUSDT,6,6,news_intensity,5633.680004119873,328989.07158613205,1.712421624511296
BTCUSDT,6,6,max_magnitude_60m,2358.5134387016296,328989.07158613205,0.7168971988433213
BTCUSDT,6,6,sentiment_dispersion,6623.460320949554,328989.07158613205,2.013276699136639
BTCUSDT,6,6,event_hack_60m,96.58434009552002,328989.07158613205,0.029357917462080028
BTCUSDT,6,6,event_regulation_60m,41.02997922897339,328989.07158613205,0.012471532574367413
BTCUSDT,6,7,sentiment_weighted,7121.549724578857,355361.3366317749,2.0040305431308645
BTCUSDT,6,7,news_intensity,6817.252861022949,355361.3366317749,1.9184002755164613
BTCUSDT,6,7,max_magnitude_60m,3597.922034740448,355361.3366317749,1.0124686238640002
BTCUSDT,6,7,sentiment_dispersion,8803.40600013733,355361.3366317749,2.477311145770315
BTCUSDT,6,7,event_hack_60m,181.20966911315918,355361.3366317749,0.050993073931655225
BTCUSDT,6,7,event_regulation_60m,0.0,355361.3366317749,0.0
BTCUSDT,6,8,sentiment_weighted,9337.352995872498,382472.53731250763,2.4413133192470777
BTCUSDT,6,8,news_intensity,7616.304111480713,382472.53731250763,1.9913335909024086
BTCUSDT,6,8,max_magnitude_60m,2532.5064067840576,382472.53731250763,0.6621407185412681
BTCUSDT,6,8,sentiment_dispersion,10585.232810974121,382472.53731250763,2.767579833405195
BTCUSDT,6,8,event_hack_60m,185.50536060333252,382472.53731250763,0.048501615804054786
BTCUSDT,6,8,event_regulation_60m,0.0,382472.53731250763,0.0
BTCUSDT,6,9,sentiment_weighted,9922.753903388977,402556.32845783234,2.4649355138453335
BTCUSDT,6,9,news_intensity,7598.904308319092,402556.32845783234,1.887662364526726
BTCUSDT,6,9,max_magnitude_60m,3332.6676874160767,402556.32845783234,0.8278761136816094
BTCUSDT,6,9,sentiment_dispersion,12893.796271324158,402556.32845783234,3.202979399359953
BTCUSDT,6,9,event_hack_60m,231.62650203704834,402556.32845783234,0.05753890466072033
BTCUSDT,6,9,event_regulation_60m,38.31809997558594,402556.32845783234,0.009518692731121664
BTCUSDT,6,10,sentiment_weighted,11151.851526260376,434088.0910997391,2.569029594432723
BTCUSDT,6,10,news_intensity,8449.40054321289,434088.0910997391,1.946471399804308
BTCUSDT,6,10,max_magnitude_60m,3899.243604660034,434088.0910997391,0.8982609024775382
BTCUSDT,6,10,sentiment_dispersion,14322.464542388916,434088.0910997391,3.299437334505933
BTCUSDT,6,10,event_hack_60m,322.1574010848999,434088.0910997391,0.07421475218744916
BTCUSDT,6,10,event_regulation_60m,47.40589904785156,434088.0910997391,0.010920801565357676
BTCUSDT,6,11,sentiment_weighted,13058.256531715393,460534.62801361084,2.835455954319566
BTCUSDT,6,11,news_intensity,9370.808905601501,460534.62801361084,2.034767493167648
BTCUSDT,6,11,max_magnitude_60m,3164.892702102661,460534.62801361084,0.6872214399498151
BTCUSDT,6,11,sentiment_dispersion,15185.99040222168,460534.62801361084,3.297469827127281
BTCUSDT,6,11,event_hack_60m,120.52080154418945,460534.62801361084,0.026169758843981553
BTCUSDT,6,11,event_regulation_60m,0.0,460534.62801361084,0.0
BTCUSDT,6,12,sentiment_weighted,11723.633872032166,481087.1182823181,2.436904549406859
BTCUSDT,6,12,news_intensity,9857.850199699402,481087.1182823181,2.0490779788276274
BTCUSDT,6,12,max_magnitude_60m,3990.3863983154297,481087.1182823181,0.8294519322327264
BTCUSDT,6,12,sentiment_dispersion,17525.20429611206,481087.1182823181,3.6428338299068073
BTCUSDT,6,12,event_hack_60m,74.39870071411133,481087.1182823181,0.015464704392781449
BTCUSDT,6,12,event_regulation_60m,42.44409942626953,481087.1182823181,0.008822539164593034
BTCUSDT,7,1,sentiment_weighted,1045.996105670929,178836.41466259956,0.5848898881384701
BTCUSDT,7,1,news_intensity,1248.7161502838135,178836.41466259956,0.6982449031086285
BTCUSDT,7,1,max_magnitude_60m,490.59776735305786,178836.41466259956,0.2743276688244061
BTCUSDT,7,1,sentiment_dispersion,957.1444187164307,178836.41466259956,0.5352066694706558
BTCUSDT,7,1,event_hack_60m,12.594599723815918,178836.41466259956,0.007042525286350338
BTCUSDT,7,1,event_regulation_60m,0.0,178836.41466259956,0.0
BTCUSDT,7,2,sentiment_weighted,1899.5347118377686,206225.81715106964,0.9210945254474489
BTCUSDT,7,2,news_intensity,2025.2871489524841,206225.81715106964,0.9820725537331102
BTCUSDT,7,2,max_magnitude_60m,798.331789970398,206225.81715106964,0.3871153481164699
BTCUSDT,7,2,sentiment_dispersion,2095.4053711891174,206225.81715106964,1.0160732541329387
BTCUSDT,7,2,event_hack_60m,55.2662992477417,206225.81715106964,0.02679892363197992
BTCUSDT,7,2,event_regulation_60m,0.0,206225.81715106964,0.0
BTCUSDT,7,3,sentiment_weighted,3410.2518849372864,235957.7185382843,1.445280919845803
BTCUSDT,7,3,news_intensity,2671.941945552826,235957.7185382843,1.13238166655663
BTCUSDT,7,3,max_magnitude_60m,1408.5063319206238,235957.7185382843,0.5969316624376891
BTCUSDT,7,3,sentiment_dispersion,3036.5765357017517,235957.7185382843,1.2869155349156611
BTCUSDT,7,3,event_hack_60m,100.96162128448486,235957.7185382843,0.04278801384838096
BTCUSDT,7,3,event_regulation_60m,26.722299575805664,235957.7185382843,0.011325037274197052
BTCUSDT,7,4,sentiment_weighted,4313.474440097809,267542.6106181145,1.6122569896930492
BTCUSDT,7,4,news_intensity,3817.771206855774,267542.6106181145,1.4269768834337915
BTCUSDT,7,4,max_magnitude_60m,1820.1959738731384,267542.6106181145,0.6803387205005835
BTCUSDT,7,4,sentiment_dispersion,4800.672955989838,267542.6106181145,1.7943582687253627
BTCUSDT,7,4,event_hack_60m,116.96027326583862,267542.6106181145,0.04371650295092082
BTCUSDT,7,4,event_regulation_60m,0.0,267542.6106181145,0.0
BTCUSDT,7,5,sentiment_weighted,5911.324465751648,303504.6553759575,1.94768823510439
BTCUSDT,7,5,news_intensity,4602.038532733917,303504.6553759575,1.5162991575971962
BTCUSDT,7,5,max_magnitude_60m,2624.356803894043,303504.6553759575,0.8646842008545793
BTCUSDT,7,5,sentiment_dispersion,6650.271800994873,303504.6553759575,2.191159734521055
BTCUSDT,7,5,event_hack_60m,175.59950065612793,303504.6553759575,0.057857267605536125
BTCUSDT,7,5,event_regulation_60m,0.0,303504.6553759575,0.0
BTCUSDT,7,6,sentiment_weighted,7185.967800140381,334452.7277636528,2.1485750312727236
BTCUSDT,7,6,news_intensity,5589.580622673035,334452.7277636528,1.6712617834060588
BTCUSDT,7,6,max_magnitude_60m,2753.027564048767,334452.7277636528,0.8231440007851408
BTCUSDT,7,6,sentiment_dispersion,7392.602191925049,334452.7277636528,2.210357870709061
BTCUSDT,7,6,event_hack_60m,125.9773006439209,334452.7277636528,0.03766669851559563
BTCUSDT,7,6,event_regulation_60m,0.0,334452.7277636528,0.0
BTCUSDT,7,7,sentiment_weighted,7047.905146598816,352780.08968639374,1.9978182875524801
BTCUSDT,7,7,news_intensity,7054.692300796509,352780.08968639374,1.9997421926696106
BTCUSDT,7,7,max_magnitude_60m,3081.905792236328,352780.08968639374,0.8736053655907875
BTCUSDT,7,7,sentiment_dispersion,9100.853926181793,352780.08968639374,2.5797527106113214
BTCUSDT,7,7,event_hack_60m,253.94268083572388,352780.08968639374,0.07198328030968754
BTCUSDT,7,7,event_regulation_60m,39.19200134277344,352780.08968639374,0.011109470882445047
BTCUSDT,7,8,sentiment_weighted,10367.665924072266,387253.07307720184,2.6772327051373437
BTCUSDT,7,8,news_intensity,8599.28406906128,387253.07307720184,2.220585107492987
BTCUSDT,7,8,max_magnitude_60m,3393.796411514282,387253.07307720184,0.8763768830925979
BTCUSDT,7,8,sentiment_dispersion,10430.263725280762,387253.07307720184,2.693397276979493
BTCUSDT,7,8,event_hack_60m,221.49449920654297,387253.07307720184,0.05719631801666461
BTCUSDT,7,8,event_regulation_60m,79.97599983215332,387253.07307720184,0.020652127869934162
BTCUSDT,7,9,sentiment_weighted,9745.085180282593,408205.47452545166,2.387298992403637
BTCUSDT,7,9,news_intensity,8064.907185554504,408205.47452545166,1.9756979484241721
BTCUSDT,7,9,max_magnitude_60m,4006.696708679199,408205.47452545166,0.9815391901191618
BTCUSDT,7,9,sentiment_dispersion,13446.91954612732,408205.47452545166,3.2941546317475714
BTCUSDT,7,9,event_hack_60m,359.5169916152954,408205.47452545166,0.08807255513494577
BTCUSDT,7,9,event_regulation_60m,0.0,408205.47452545166,0.0
BTCUSDT,7,10,sentiment_weighted,10826.269365310669,431650.82013988495,2.5081081420862827
BTCUSDT,7,10,news_intensity,8658.40720462799,431650.82013988495,2.0058822549722164
BTCUSDT,7,10,max_magnitude_60m,4221.043305397034,431650.82013988495,0.9778837681877036
BTCUSDT,7,10,sentiment_dispersion,14777.977424621582,431650.82013988495,3.423595354187556
BTCUSDT,7,10,event_hack_60m,478.06379985809326,431650.82013988495,0.11075243635658269
BTCUSDT,7,10,event_regulation_60m,0.0,431650.82013988495,0.0
BTCUSDT,7,11,sentiment_weighted,12528.108067512512,459966.05487155914,2.723702746066959
BTCUSDT,7,11,news_intensity,10606.982292175293,459966.05487155914,2.3060358867432478
BTCUSDT,7,11,max_magnitude_60m,4096.611500740051,459966.05487155914,0.8906334407403148
BTCUSDT,7,11,sentiment_dispersion,17719.672530174255,459966.05487155914,3.85238700606337
BTCUSDT,7,11,event_hack_60m,89.42110252380371,459966.05487155914,0.019440804723899387
BTCUSDT,7,11,event_regulation_60m,0.0,459966.05487155914,0.0
BTCUSDT,7,12,sentiment_weighted,12844.666877746582,484227.5152158737,2.652609873278328
BTCUSDT,7,12,news_intensity,9881.213074684143,484227.5152158737,2.040613712394884
BTCUSDT,7,12,max_magnitude_60m,4619.860496520996,484227.5152158737,0.9540681500640074
BTCUSDT,7,12,sentiment_dispersion,18989.26909637451,484227.5152158737,3.921559287664373
BTCUSDT,7,12,event_hack_60m,62.16969871520996,484227.5152158737,0.012838943835625295
BTCUSDT,7,12,event_regulation_60m,0.0,484227.5152158737,0.0
