symbol,variant,fold,test_start,test_end,horizon,quantile,pinball_loss,coverage,n_train,n_test
BTCUSDT,technical_only,0,2018-08-02 11:00:00+00:00,2019-08-02 11:00:00+00:00,1,0.1,0.0003322005440978615,0.14703440377916688,25676,104785
BTCUSDT,technical_only,0,2018-08-02 11:00:00+00:00,2019-08-02 11:00:00+00:00,1,0.5,0.0006370461459867331,0.499069523309634,25676,104785
BTCUSDT,technical_only,0,2018-08-02 11:00:00+00:00,2019-08-02 11:00:00+00:00,1,0.9,0.00032117711729065827,0.8674714892398722,25676,104785
BTCUSDT,technical_only,0,2018-08-02 11:00:00+00:00,2019-08-02 11:00:00+00:00,2,0.1,0.0004988261535516211,0.16814277533880512,25676,104780
BTCUSDT,technical_only,0,2018-08-02 11:00:00+00:00,2019-08-02 11:00:00+00:00,2,0.5,0.0008849390397218548,0.5065947699942737,25676,104780
BTCUSDT,technical_only,0,2018-08-02 11:00:00+00:00,2019-08-02 11:00:00+00:00,2,0.9,0.0004595560178230361,0.8686581408665776,25676,104780
BTCUSDT,technical_only,0,2018-08-02 11:00:00+00:00,2019-08-02 11:00:00+00:00,3,0.1,0.0006192446408834806,0.16907659269863995,25676,104775
BTCUSDT,technical_only,0,2018-08-02 11:00:00+00:00,2019-08-02 11:00:00+00:00,3,0.5,0.0010701053319289988,0.5200572655690766,25676,104775
BTCUSDT,technical_only,0,2018-08-02 11:00:00+00:00,2019-08-02 11:00:00+00:00,3,0.9,0.0005692760149654778,0.8684896206156049,25676,104775
BTCUSDT,technical_only,0,2018-08-02 11:00:00+00:00,2019-08-02 11:00:00+00:00,4,0.1,0.0007280478580669486,0.16866469409182017,25676,104770
BTCUSDT,technical_only,0,2018-08-02 11:00:00+00:00,2019-08-02 11:00:00+00:00,4,0.5,0.00122853234202283,0.5150520187076453,25676,104770
BTCUSDT,technical_only,0,2018-08-02 11:00:00+00:00,2019-08-02 11:00:00+00:00,4,0.9,0.0006658319827768631,0.8791829722248735,25676,104770
BTCUSDT,technical_only,0,2018-08-02 11:00:00+00:00,2019-08-02 11:00:00+00:00,5,0.1,0.0008221316065832523,0.16397651887557868,25676,104765
BTCUSDT,technical_only,0,2018-08-02 11:00:00+00:00,2019-08-02 11:00:00+00:00,5,0.5,0.0013721808298635914,0.5245167756407197,25676,104765
BTCUSDT,technical_only,0,2018-08-02 11:00:00+00:00,2019-08-02 11:00:00+00:00,5,0.9,0.0007535915858371422,0.8752159595284684,25676,104765
BTCUSDT,technical_only,0,2018-08-02 11:00:00+00:00,2019-08-02 11:00:00+00:00,6,0.1,0.000914386962693853,0.15971744940817106,25676,104760
BTCUSDT,technical_only,0,2018-08-02 11:00:00+00:00,2019-08-02 11:00:00+00:00,6,0.5,0.001505171654047803,0.5442535318823979,25676,104760
BTCUSDT,technical_only,0,2018-08-02 11:00:00+00:00,2019-08-02 11:00:00+00:00,6,0.9,0.000828666529705112,0.8778541428025964,25676,104760
BTCUSDT,technical_only,0,2018-08-02 11:00:00+00:00,2019-08-02 11:00:00+00:00,7,0.1,0.000996953397616477,0.1622643310581834,25676,104755
BTCUSDT,technical_only,0,2018-08-02 11:00:00+00:00,2019-08-02 11:00:00+00:00,7,0.5,0.0016232677761603533,0.5178654956803971,25676,104755
BTCUSDT,technical_only,0,2018-08-02 11:00:00+00:00,2019-08-02 11:00:00+00:00,7,0.9,0.000901754540366647,0.8839673523936805,25676,104755
BTCUSDT,technical_only,0,2018-08-02 11:00:00+00:00,2019-08-02 11:00:00+00:00,8,0.1,0.0010921924295949226,0.16618615751789975,25676,104750
BTCUSDT,technical_only,0,2018-08-02 11:00:00+00:00,2019-08-02 11:00:00+00:00,8,0.5,0.0017379702832727982,0.5151312649164678,25676,104750
BTCUSDT,technical_only,0,2018-08-02 11:00:00+00:00,2019-08-02 11:00:00+00:00,8,0.9,0.00097971232188446,0.8769546539379475,25676,104750
BTCUSDT,technical_only,0,2018-08-02 11:00:00+00:00,2019-08-02 11:00:00+00:00,9,0.1,0.0011518626766247849,0.15680939424316195,25676,104745
BTCUSDT,technical_only,0,2018-08-02 11:00:00+00:00,2019-08-02 11:00:00+00:00,9,0.5,0.001839203917749484,0.5303833118525944,25676,104745
BTCUSDT,technical_only,0,2018-08-02 11:00:00+00:00,2019-08-02 11:00:00+00:00,9,0.9,0.0010431646581554384,0.8894839849157478,25676,104745
BTCUSDT,technical_only,0,2018-08-02 11:00:00+00:00,2019-08-02 11:00:00+00:00,10,0.1,0.0012536496010653335,0.17602635096429253,25676,104740
BTCUSDT,technical_only,0,2018-08-02 11:00:00+00:00,2019-08-02 11:00:00+00:00,10,0.5,0.001960197716559496,0.5582299026160015,25676,104740
BTCUSDT,technical_only,0,2018-08-02 11:00:00+00:00,2019-08-02 11:00:00+00:00,10,0.9,0.0011132327289070849,0.8775921329005155,25676,104740
BTCUSDT,technical_only,0,2018-08-02 11:00:00+00:00,2019-08-02 11:00:00+00:00,11,0.1,0.0013247632430612329,0.17251157683677854,25676,104735
BTCUSDT,technical_only,0,2018-08-02 11:00:00+00:00,2019-08-02 11:00:00+00:00,11,0.5,0.002055979478299394,0.5587243996753711,25676,104735
BTCUSDT,technical_only,0,2018-08-02 11:00:00+00:00,2019-08-02 11:00:00+00:00,11,0.9,0.001176820450329148,0.8855778870482647,25676,104735
BTCUSDT,technical_only,0,2018-08-02 11:00:00+00:00,2019-08-02 11:00:00+00:00,12,0.1,0.0014238163242814752,0.19075718514274803,25676,104730
BTCUSDT,technical_only,0,2018-08-02 11:00:00+00:00,2019-08-02 11:00:00+00:00,12,0.5,0.0021614595960267385,0.5679175021483815,25676,104730
BTCUSDT,technical_only,0,2018-08-02 11:00:00+00:00,2019-08-02 11:00:00+00:00,12,0.9,0.0012295769808542813,0.8916738279385086,25676,104730
BTCUSDT,with_event_and_magnitude,0,2018-08-02 11:00:00+00:00,2019-08-02 11:00:00+00:00,1,0.1,0.00033228978556978044,0.14668129980436131,25676,104785
BTCUSDT,with_event_and_magnitude,0,2018-08-02 11:00:00+00:00,2019-08-02 11:00:00+00:00,1,0.5,0.0006370461459867331,0.499069523309634,25676,104785
BTCUSDT,with_event_and_magnitude,0,2018-08-02 11:00:00+00:00,2019-08-02 11:00:00+00:00,1,0.9,0.0003211378754937378,0.8683876509042324,25676,104785
BTCUSDT,with_event_and_magnitude,0,2018-08-02 11:00:00+00:00,2019-08-02 11:00:00+00:00,2,0.1,0.0004997964392746856,0.16855315899980913,25676,104780
BTCUSDT,with_event_and_magnitude,0,2018-08-02 11:00:00+00:00,2019-08-02 11:00:00+00:00,2,0.5,0.0008860302603817763,0.5119679328116052,25676,104780
BTCUSDT,with_event_and_magnitude,0,2018-08-02 11:00:00+00:00,2019-08-02 11:00:00+00:00,2,0.9,0.00045970325020840895,0.8685245275815996,25676,104780
BTCUSDT,with_event_and_magnitude,0,2018-08-02 11:00:00+00:00,2019-08-02 11:00:00+00:00,3,0.1,0.0006191707043226686,0.1680935337628251,25676,104775
BTCUSDT,with_event_and_magnitude,0,2018-08-02 11:00:00+00:00,2019-08-02 11:00:00+00:00,3,0.5,0.0010686523754567393,0.5106657122405154,25676,104775
BTCUSDT,with_event_and_magnitude,0,2018-08-02 11:00:00+00:00,2019-08-02 11:00:00+00:00,3,0.9,0.0005684269107642904,0.8704557384872346,25676,104775
BTCUSDT,with_event_and_magnitude,0,2018-08-02 11:00:00+00:00,2019-08-02 11:00:00+00:00,4,0.1,0.0007280478580669486,0.16866469409182017,25676,104770
BTCUSDT,with_event_and_magnitude,0,2018-08-02 11:00:00+00:00,2019-08-02 11:00:00+00:00,4,0.5,0.0012285047973144341,0.5149756609716521,25676,104770
BTCUSDT,with_event_and_magnitude,0,2018-08-02 11:00:00+00:00,2019-08-02 11:00:00+00:00,4,0.9,0.0006653934833304507,0.8802615252457765,25676,104770
BTCUSDT,with_event_and_magnitude,0,2018-08-02 11:00:00+00:00,2019-08-02 11:00:00+00:00,5,0.1,0.000825314245292348,0.16328926645349115,25676,104765
BTCUSDT,with_event_and_magnitude,0,2018-08-02 11:00:00+00:00,2019-08-02 11:00:00+00:00,5,0.5,0.0013728444863287713,0.5358850761227509,25676,104765
BTCUSDT,with_event_and_magnitude,0,2018-08-02 11:00:00+00:00,2019-08-02 11:00:00+00:00,5,0.9,0.0007521528364643637,0.8770199971364483,25676,104765
BTCUSDT,with_event_and_magnitude,0,2018-08-02 11:00:00+00:00,2019-08-02 11:00:00+00:00,6,0.1,0.000914386962693853,0.15971744940817106,25676,104760
BTCUSDT,with_event_and_magnitude,0,2018-08-02 11:00:00+00:00,2019-08-02 11:00:00+00:00,6,0.5,0.0015086234054853501,0.5474990454371897,25676,104760
BTCUSDT,with_event_and_magnitude,0,2018-08-02 11:00:00+00:00,2019-08-02 11:00:00+00:00,6,0.9,0.000828666529705112,0.8778541428025964,25676,104760
BTCUSDT,with_event_and_magnitude,0,2018-08-02 11:00:00+00:00,2019-08-02 11:00:00+00:00,7,0.1,0.0010043246852002522,0.16508997183905302,25676,104755
BTCUSDT,with_event_and_magnitude,0,2018-08-02 11:00:00+00:00,2019-08-02 11:00:00+00:00,7,0.5,0.0016234941343298798,0.520891604219369,25676,104755
BTCUSDT,with_event_and_magnitude,0,2018-08-02 11:00:00+00:00,2019-08-02 11:00:00+00:00,7,0.9,0.0009007880287063235,0.8834709560402845,25676,104755
BTCUSDT,with_event_and_magnitude,0,2018-08-02 11:00:00+00:00,2019-08-02 11:00:00+00:00,8,0.1,0.0010944546988330267,0.16877326968973747,25676,104750
BTCUSDT,with_event_and_magnitude,0,2018-08-02 11:00:00+00:00,2019-08-02 11:00:00+00:00,8,0.5,0.0017369347690576874,0.5124677804295943,25676,104750
BTCUSDT,with_event_and_magnitude,0,2018-08-02 11:00:00+00:00,2019-08-02 11:00:00+00:00,8,0.9,0.0009842232954994255,0.8769164677804296,25676,104750
BTCUSDT,with_event_and_magnitude,0,2018-08-02 11:00:00+00:00,2019-08-02 11:00:00+00:00,9,0.1,0.0011479566747401347,0.16139195188314479,25676,104745
BTCUSDT,with_event_and_magnitude,0,2018-08-02 11:00:00+00:00,2019-08-02 11:00:00+00:00,9,0.5,0.001840158314032119,0.5300300730345124,25676,104745
BTCUSDT,with_event_and_magnitude,0,2018-08-02 11:00:00+00:00,2019-08-02 11:00:00+00:00,9,0.9,0.0010409980486704208,0.8868967492481742,25676,104745
BTCUSDT,with_event_and_magnitude,0,2018-08-02 11:00:00+00:00,2019-08-02 11:00:00+00:00,10,0.1,0.001252206571494567,0.17828909681115143,25676,104740
BTCUSDT,with_event_and_magnitude,0,2018-08-02 11:00:00+00:00,2019-08-02 11:00:00+00:00,10,0.5,0.001960974714643405,0.5570078289096811,25676,104740
BTCUSDT,with_event_and_magnitude,0,2018-08-02 11:00:00+00:00,2019-08-02 11:00:00+00:00,10,0.9,0.0011187844091319827,0.8716822608363567,25676,104740
BTCUSDT,with_event_and_magnitude,0,2018-08-02 11:00:00+00:00,2019-08-02 11:00:00+00:00,11,0.1,0.0013311488861515455,0.17398195445648543,25676,104735
BTCUSDT,with_event_and_magnitude,0,2018-08-02 11:00:00+00:00,2019-08-02 11:00:00+00:00,11,0.5,0.002059091415785609,0.5784694705685779,25676,104735
BTCUSDT,with_event_and_magnitude,0,2018-08-02 11:00:00+00:00,2019-08-02 11:00:00+00:00,11,0.9,0.001177683999086239,0.8828662815677663,25676,104735
BTCUSDT,with_event_and_magnitude,0,2018-08-02 11:00:00+00:00,2019-08-02 11:00:00+00:00,12,0.1,0.001379674859329768,0.1800057290174735,25676,104730
BTCUSDT,with_event_and_magnitude,0,2018-08-02 11:00:00+00:00,2019-08-02 11:00:00+00:00,12,0.5,0.002159068949186549,0.5646710589133963,25676,104730
BTCUSDT,with_event_and_magnitude,0,2018-08-02 11:00:00+00:00,2019-08-02 11:00:00+00:00,12,0.9,0.0012264430544307058,0.8893822209491072,25676,104730
BTCUSDT,technical_only,1,2019-08-02 11:00:00+00:00,2020-08-01 11:00:00+00:00,1,0.1,0.00031103061098934544,0.09066183136899365,130466,104785
BTCUSDT,technical_only,1,2019-08-02 11:00:00+00:00,2020-08-01 11:00:00+00:00,1,0.5,0.0006254949153578992,0.5101398100873217,130466,104785
BTCUSDT,technical_only,1,2019-08-02 11:00:00+00:00,2020-08-01 11:00:00+00:00,1,0.9,0.00030174288522885937,0.9122202605334733,130466,104785
BTCUSDT,technical_only,1,2019-08-02 11:00:00+00:00,2020-08-01 11:00:00+00:00,2,0.1,0.0004411490117760553,0.08204090592401005,130466,104777
BTCUSDT,technical_only,1,2019-08-02 11:00:00+00:00,2020-08-01 11:00:00+00:00,2,0.5,0.0008575572500109338,0.5204672781240157,130466,104777
BTCUSDT,technical_only,1,2019-08-02 11:00:00+00:00,2020-08-01 11:00:00+00:00,2,0.9,0.00042551147870810267,0.925794783206238,130466,104777
BTCUSDT,technical_only,1,2019-08-02 11:00:00+00:00,2020-08-01 11:00:00+00:00,3,0.1,0.0005482764042004945,0.07973732688104306,130466,104769
BTCUSDT,technical_only,1,2019-08-02 11:00:00+00:00,2020-08-01 11:00:00+00:00,3,0.5,0.001035810557137588,0.521308784086896,130466,104769
BTCUSDT,technical_only,1,2019-08-02 11:00:00+00:00,2020-08-01 11:00:00+00:00,3,0.9,0.00052126533164233,0.9239660586623906,130466,104769
BTCUSDT,technical_only,1,2019-08-02 11:00:00+00:00,2020-08-01 11:00:00+00:00,4,0.1,0.000639157177479891,0.08099388131079314,130466,104761
BTCUSDT,technical_only,1,2019-08-02 11:00:00+00:00,2020-08-01 11:00:00+00:00,4,0.5,0.0011906647307313011,0.5284600185183418,130466,104761
BTCUSDT,technical_only,1,2019-08-02 11:00:00+00:00,2020-08-01 11:00:00+00:00,4,0.9,0.0006161546335064996,0.9245520756770172,130466,104761
BTCUSDT,technical_only,1,2019-08-02 11:00:00+00:00,2020-08-01 11:00:00+00:00,5,0.1,0.0007339271880017204,0.07587372199364219,130466,104753
BTCUSDT,technical_only,1,2019-08-02 11:00:00+00:00,2020-08-01 11:00:00+00:00,5,0.5,0.0013284073053465933,0.5470201330749477,130466,104753
BTCUSDT,technical_only,1,2019-08-02 11:00:00+00:00,2020-08-01 11:00:00+00:00,5,0.9,0.0006866336880718629,0.9257777820205627,130466,104753
BTCUSDT,technical_only,1,2019-08-02 11:00:00+00:00,2020-08-01 11:00:00+00:00,6,0.1,0.0008152881258267436,0.07693923337629481,130466,104745
BTCUSDT,technical_only,1,2019-08-02 11:00:00+00:00,2020-08-01 11:00:00+00:00,6,0.5,0.0014468295940906742,0.5382118478208984,130466,104745
BTCUSDT,technical_only,1,2019-08-02 11:00:00+00:00,2020-08-01 11:00:00+00:00,6,0.9,0.000766126262921553,0.922382929972791,130466,104745
BTCUSDT,technical_only,1,2019-08-02 11:00:00+00:00,2020-08-01 11:00:00+00:00,7,0.1,0.0008917061661387298,0.07575164459551066,130466,104737
BTCUSDT,technical_only,1,2019-08-02 11:00:00+00:00,2020-08-01 11:00:00+00:00,7,0.5,0.0015617342376985533,0.5479820884692134,130466,104737
BTCUSDT,technical_only,1,2019-08-02 11:00:00+00:00,2020-08-01 11:00:00+00:00,7,0.9,0.000837068220176154,0.9298146786713387,130466,104737
BTCUSDT,technical_only,1,2019-08-02 11:00:00+00:00,2020-08-01 11:00:00+00:00,8,0.1,0.0009490218697775245,0.09622931566232848,130466,104729
BTCUSDT,technical_only,1,2019-08-02 11:00:00+00:00,2020-08-01 11:00:00+00:00,8,0.5,0.0016739206797461931,0.5535620506259011,130466,104729
BTCUSDT,technical_only,1,2019-08-02 11:00:00+00:00,2020-08-01 11:00:00+00:00,8,0.9,0.000906076736606439,0.9325210782113836,130466,104729
BTCUSDT,technical_only,1,2019-08-02 11:00:00+00:00,2020-08-01 11:00:00+00:00,9,0.1,0.0010219666229911138,0.08910342720180288,130466,104721
BTCUSDT,technical_only,1,2019-08-02 11:00:00+00:00,2020-08-01 11:00:00+00:00,9,0.5,0.0017677631009364386,0.5466334355095922,130466,104721
BTCUSDT,technical_only,1,2019-08-02 11:00:00+00:00,2020-08-01 11:00:00+00:00,9,0.9,0.0010003696614457429,0.9360491209976987,130466,104721
BTCUSDT,technical_only,1,2019-08-02 11:00:00+00:00,2020-08-01 11:00:00+00:00,10,0.1,0.0010766515012899406,0.08423977920602027,130466,104713
BTCUSDT,technical_only,1,2019-08-02 11:00:00+00:00,2020-08-01 11:00:00+00:00,10,0.5,0.0018664315100836515,0.5539331315118466,130466,104713
BTCUSDT,technical_only,1,2019-08-02 11:00:00+00:00,2020-08-01 11:00:00+00:00,10,0.9,0.001024678542083834,0.9313456781870446,130466,104713
BTCUSDT,technical_only,1,2019-08-02 11:00:00+00:00,2020-08-01 11:00:00+00:00,11,0.1,0.001170103034385129,0.07724559476624802,130466,104705
BTCUSDT,technical_only,1,2019-08-02 11:00:00+00:00,2020-08-01 11:00:00+00:00,11,0.5,0.001969444234191877,0.5590850484695096,130466,104705
BTCUSDT,technical_only,1,2019-08-02 11:00:00+00:00,2020-08-01 11:00:00+00:00,11,0.9,0.0010986910949321235,0.9339000047753211,130466,104705
BTCUSDT,technical_only,1,2019-08-02 11:00:00+00:00,2020-08-01 11:00:00+00:00,12,0.1,0.0011999863553697784,0.08688883158065656,130466,104697
BTCUSDT,technical_only,1,2019-08-02 11:00:00+00:00,2020-08-01 11:00:00+00:00,12,0.5,0.0020462257815535576,0.5573989703620925,130466,104697
BTCUSDT,technical_only,1,2019-08-02 11:00:00+00:00,2020-08-01 11:00:00+00:00,12,0.9,0.0011432295584209795,0.9319273713668969,130466,104697
BTCUSDT,with_event_and_magnitude,1,2019-08-02 11:00:00+00:00,2020-08-01 11:00:00+00:00,1,0.1,0.000310624989095685,0.09021329388748389,130466,104785
BTCUSDT,with_event_and_magnitude,1,2019-08-02 11:00:00+00:00,2020-08-01 11:00:00+00:00,1,0.5,0.0006255923445897335,0.5105215441141385,130466,104785
BTCUSDT,with_event_and_magnitude,1,2019-08-02 11:00:00+00:00,2020-08-01 11:00:00+00:00,1,0.9,0.0003016968523767228,0.9109509948943074,130466,104785
BTCUSDT,with_event_and_magnitude,1,2019-08-02 11:00:00+00:00,2020-08-01 11:00:00+00:00,2,0.1,0.0004410806476639629,0.08195500921003655,130466,104777
BTCUSDT,with_event_and_magnitude,1,2019-08-02 11:00:00+00:00,2020-08-01 11:00:00+00:00,2,0.5,0.0008585558186415176,0.523158708495185,130466,104777
BTCUSDT,with_event_and_magnitude,1,2019-08-02 11:00:00+00:00,2020-08-01 11:00:00+00:00,2,0.9,0.00042643347849895903,0.9262338108554359,130466,104777
BTCUSDT,with_event_and_magnitude,1,2019-08-02 11:00:00+00:00,2020-08-01 11:00:00+00:00,3,0.1,0.0005467636864900832,0.08066317326690146,130466,104769
BTCUSDT,with_event_and_magnitude,1,2019-08-02 11:00:00+00:00,2020-08-01 11:00:00+00:00,3,0.5,0.0010346819448290958,0.5164695663793679,130466,104769
BTCUSDT,with_event_and_magnitude,1,2019-08-02 11:00:00+00:00,2020-08-01 11:00:00+00:00,3,0.9,0.0005224620607495487,0.9263713503040021,130466,104769
BTCUSDT,with_event_and_magnitude,1,2019-08-02 11:00:00+00:00,2020-08-01 11:00:00+00:00,4,0.1,0.0006406455224515658,0.08102251792174568,130466,104761
BTCUSDT,with_event_and_magnitude,1,2019-08-02 11:00:00+00:00,2020-08-01 11:00:00+00:00,4,0.5,0.0011919218398332729,0.528784566775804,130466,104761
BTCUSDT,with_event_and_magnitude,1,2019-08-02 11:00:00+00:00,2020-08-01 11:00:00+00:00,4,0.9,0.0006144313844194791,0.9257357222630559,130466,104761
BTCUSDT,with_event_and_magnitude,1,2019-08-02 11:00:00+00:00,2020-08-01 11:00:00+00:00,5,0.1,0.0007360928865999216,0.07166381869731654,130466,104753
BTCUSDT,with_event_and_magnitude,1,2019-08-02 11:00:00+00:00,2020-08-01 11:00:00+00:00,5,0.5,0.0013287671755849255,0.5397076933357517,130466,104753
BTCUSDT,with_event_and_magnitude,1,2019-08-02 11:00:00+00:00,2020-08-01 11:00:00+00:00,5,0.9,0.0006910904174810352,0.9248136091567783,130466,104753
BTCUSDT,with_event_and_magnitude,1,2019-08-02 11:00:00+00:00,2020-08-01 11:00:00+00:00,6,0.1,0.0008219480826975006,0.08338345505752065,130466,104745
BTCUSDT,with_event_and_magnitude,1,2019-08-02 11:00:00+00:00,2020-08-01 11:00:00+00:00,6,0.5,0.0014546362923984423,0.54224067974605,130466,104745
BTCUSDT,with_event_and_magnitude,1,2019-08-02 11:00:00+00:00,2020-08-01 11:00:00+00:00,6,0.9,0.0007683072788706634,0.9247983197288654,130466,104745
BTCUSDT,with_event_and_magnitude,1,2019-08-02 11:00:00+00:00,2020-08-01 11:00:00+00:00,7,0.1,0.000882633041665121,0.08397223521773585,130466,104737
BTCUSDT,with_event_and_magnitude,1,2019-08-02 11:00:00+00:00,2020-08-01 11:00:00+00:00,7,0.5,0.0015629438885522426,0.5466645025158253,130466,104737
BTCUSDT,with_event_and_magnitude,1,2019-08-02 11:00:00+00:00,2020-08-01 11:00:00+00:00,7,0.9,0.0008336043366648862,0.9272272453860623,130466,104737
BTCUSDT,with_event_and_magnitude,1,2019-08-02 11:00:00+00:00,2020-08-01 11:00:00+00:00,8,0.1,0.0009460658885349332,0.0938326538017168,130466,104729
BTCUSDT,with_event_and_magnitude,1,2019-08-02 11:00:00+00:00,2020-08-01 11:00:00+00:00,8,0.5,0.0016740089500272204,0.5583171805326127,130466,104729
BTCUSDT,with_event_and_magnitude,1,2019-08-02 11:00:00+00:00,2020-08-01 11:00:00+00:00,8,0.9,0.0009058726752563896,0.9284534369658833,130466,104729
BTCUSDT,with_event_and_magnitude,1,2019-08-02 11:00:00+00:00,2020-08-01 11:00:00+00:00,9,0.1,0.001009412545046615,0.08572301639594733,130466,104721
BTCUSDT,with_event_and_magnitude,1,2019-08-02 11:00:00+00:00,2020-08-01 11:00:00+00:00,9,0.5,0.0017663421274878997,0.5476551980978027,130466,104721
BTCUSDT,with_event_and_magnitude,1,2019-08-02 11:00:00+00:00,2020-08-01 11:00:00+00:00,9,0.9,0.0009612071333026073,0.9291737091891789,130466,104721
BTCUSDT,with_event_and_magnitude,1,2019-08-02 11:00:00+00:00,2020-08-01 11:00:00+00:00,10,0.1,0.00108065543556021,0.08793559538930219,130466,104713
BTCUSDT,with_event_and_magnitude,1,2019-08-02 11:00:00+00:00,2020-08-01 11:00:00+00:00,10,0.5,0.0018679747255305789,0.5565211578314059,130466,104713
BTCUSDT,with_event_and_magnitude,1,2019-08-02 11:00:00+00:00,2020-08-01 11:00:00+00:00,10,0.9,0.0010178293000863894,0.9246034398785251,130466,104713
BTCUSDT,with_event_and_magnitude,1,2019-08-02 11:00:00+00:00,2020-08-01 11:00:00+00:00,11,0.1,0.001149129568759487,0.10101714340289385,130466,104705
BTCUSDT,with_event_and_magnitude,1,2019-08-02 11:00:00+00:00,2020-08-01 11:00:00+00:00,11,0.5,0.0019608679823858674,0.5540900625567069,130466,104705
BTCUSDT,with_event_and_magnitude,1,2019-08-02 11:00:00+00:00,2020-08-01 11:00:00+00:00,11,0.9,0.0011074993526118341,0.9343679862470751,130466,104705
BTCUSDT,with_event_and_magnitude,1,2019-08-02 11:00:00+00:00,2020-08-01 11:00:00+00:00,12,0.1,0.0012062477457941655,0.0920847779783566,130466,104697
BTCUSDT,with_event_and_magnitude,1,2019-08-02 11:00:00+00:00,2020-08-01 11:00:00+00:00,12,0.5,0.0020462188146995546,0.5527761062876683,130466,104697
BTCUSDT,with_event_and_magnitude,1,2019-08-02 11:00:00+00:00,2020-08-01 11:00:00+00:00,12,0.9,0.0011613452094275506,0.9301985730250151,130466,104697
BTCUSDT,technical_only,2,2020-08-01 11:00:00+00:00,2021-08-01 11:00:00+00:00,1,0.1,0.00042648011620543484,0.09989515821578346,235259,104920
BTCUSDT,technical_only,2,2020-08-01 11:00:00+00:00,2021-08-01 11:00:00+00:00,1,0.5,0.0008897481905267791,0.4955966450629051,235259,104920
BTCUSDT,technical_only,2,2020-08-01 11:00:00+00:00,2021-08-01 11:00:00+00:00,1,0.9,0.0004311214664667284,0.9255909264201296,235259,104920
BTCUSDT,technical_only,2,2020-08-01 11:00:00+00:00,2021-08-01 11:00:00+00:00,2,0.1,0.0006045223301743362,0.10435313068923775,235259,104913
BTCUSDT,technical_only,2,2020-08-01 11:00:00+00:00,2021-08-01 11:00:00+00:00,2,0.5,0.001235565978975618,0.4995186487851839,235259,104913
BTCUSDT,technical_only,2,2020-08-01 11:00:00+00:00,2021-08-01 11:00:00+00:00,2,0.9,0.0005947685212855554,0.9142241666904959,235259,104913
BTCUSDT,technical_only,2,2020-08-01 11:00:00+00:00,2021-08-01 11:00:00+00:00,3,0.1,0.000746207320084452,0.09822126475130116,235259,104906
BTCUSDT,technical_only,2,2020-08-01 11:00:00+00:00,2021-08-01 11:00:00+00:00,3,0.5,0.0014994604611918833,0.5041846986826302,235259,104906
BTCUSDT,technical_only,2,2020-08-01 11:00:00+00:00,2021-08-01 11:00:00+00:00,3,0.9,0.0007172060678380562,0.9016071530703678,235259,104906
BTCUSDT,technical_only,2,2020-08-01 11:00:00+00:00,2021-08-01 11:00:00+00:00,4,0.1,0.0008710277781103597,0.10353768863382873,235259,104899
BTCUSDT,technical_only,2,2020-08-01 11:00:00+00:00,2021-08-01 11:00:00+00:00,4,0.5,0.0017361068399052882,0.507354693562379,235259,104899
BTCUSDT,technical_only,2,2020-08-01 11:00:00+00:00,2021-08-01 11:00:00+00:00,4,0.9,0.0008283612650318342,0.9043651512407173,235259,104899
BTCUSDT,technical_only,2,2020-08-01 11:00:00+00:00,2021-08-01 11:00:00+00:00,5,0.1,0.0009745170947705761,0.09587003775311749,235259,104892
BTCUSDT,technical_only,2,2020-08-01 11:00:00+00:00,2021-08-01 11:00:00+00:00,5,0.5,0.0019326301093160806,0.5015158448690081,235259,104892
BTCUSDT,technical_only,2,2020-08-01 11:00:00+00:00,2021-08-01 11:00:00+00:00,5,0.9,0.0009208307101383487,0.9039964916294856,235259,104892
BTCUSDT,technical_only,2,2020-08-01 11:00:00+00:00,2021-08-01 11:00:00+00:00,6,0.1,0.0010694266627812531,0.09658197072984698,235259,104885
BTCUSDT,technical_only,2,2020-08-01 11:00:00+00:00,2021-08-01 11:00:00+00:00,6,0.5,0.002099751810377708,0.4980883825141822,235259,104885
BTCUSDT,technical_only,2,2020-08-01 11:00:00+00:00,2021-08-01 11:00:00+00:00,6,0.9,0.0010102736934862557,0.9075940315583735,235259,104885
BTCUSDT,technical_only,2,2020-08-01 11:00:00+00:00,2021-08-01 11:00:00+00:00,7,0.1,0.001147414732581606,0.10797307347584813,235259,104878
BTCUSDT,technical_only,2,2020-08-01 11:00:00+00:00,2021-08-01 11:00:00+00:00,7,0.5,0.002245050182385277,0.5230362897843208,235259,104878
BTCUSDT,technical_only,2,2020-08-01 11:00:00+00:00,2021-08-01 11:00:00+00:00,7,0.9,0.0010835562911523536,0.9041839089227484,235259,104878
BTCUSDT,technical_only,2,2020-08-01 11:00:00+00:00,2021-08-01 11:00:00+00:00,8,0.1,0.001231054847865993,0.10695044387866999,235259,104871
BTCUSDT,technical_only,2,2020-08-01 11:00:00+00:00,2021-08-01 11:00:00+00:00,8,0.5,0.0023897780334986916,0.5075092256200475,235259,104871
BTCUSDT,technical_only,2,2020-08-01 11:00:00+00:00,2021-08-01 11:00:00+00:00,8,0.9,0.0011660231041995435,0.9142756338739976,235259,104871
BTCUSDT,technical_only,2,2020-08-01 11:00:00+00:00,2021-08-01 11:00:00+00:00,9,0.1,0.0013094850133819555,0.10887435154104363,235259,104864
BTCUSDT,technical_only,2,2020-08-01 11:00:00+00:00,2021-08-01 11:00:00+00:00,9,0.5,0.0025309449762482028,0.5009917607567898,235259,104864
BTCUSDT,technical_only,2,2020-08-01 11:00:00+00:00,2021-08-01 11:00:00+00:00,9,0.9,0.001232118121445989,0.9091013121757705,235259,104864
BTCUSDT,technical_only,2,2020-08-01 11:00:00+00:00,2021-08-01 11:00:00+00:00,10,0.1,0.0014344391926076204,0.07689520012970046,235259,104857
BTCUSDT,technical_only,2,2020-08-01 11:00:00+00:00,2021-08-01 11:00:00+00:00,10,0.5,0.0026652955877899125,0.5053549119276729,235259,104857
BTCUSDT,technical_only,2,2020-08-01 11:00:00+00:00,2021-08-01 11:00:00+00:00,10,0.9,0.0013015310595397406,0.9071783476544246,235259,104857
BTCUSDT,technical_only,2,2020-08-01 11:00:00+00:00,2021-08-01 11:00:00+00:00,11,0.1,0.0015175029124980947,0.0845588936576061,235259,104850
BTCUSDT,technical_only,2,2020-08-01 11:00:00+00:00,2021-08-01 11:00:00+00:00,11,0.5,0.0027997206291562036,0.5009442060085837,235259,104850
BTCUSDT,technical_only,2,2020-08-01 11:00:00+00:00,2021-08-01 11:00:00+00:00,11,0.9,0.0013528229225192856,0.9025083452551264,235259,104850
BTCUSDT,technical_only,2,2020-08-01 11:00:00+00:00,2021-08-01 11:00:00+00:00,12,0.1,0.0015682294697670716,0.08187480327728126,235259,104843
BTCUSDT,technical_only,2,2020-08-01 11:00:00+00:00,2021-08-01 11:00:00+00:00,12,0.5,0.002920036602833127,0.4885304693684843,235259,104843
BTCUSDT,technical_only,2,2020-08-01 11:00:00+00:00,2021-08-01 11:00:00+00:00,12,0.9,0.001419856896904699,0.9098938412674189,235259,104843
BTCUSDT,with_event_and_magnitude,2,2020-08-01 11:00:00+00:00,2021-08-01 11:00:00+00:00,1,0.1,0.00042703342423632495,0.10089592070148684,235259,104920
BTCUSDT,with_event_and_magnitude,2,2020-08-01 11:00:00+00:00,2021-08-01 11:00:00+00:00,1,0.5,0.0008898043356615457,0.4947388486465879,235259,104920
BTCUSDT,with_event_and_magnitude,2,2020-08-01 11:00:00+00:00,2021-08-01 11:00:00+00:00,1,0.9,0.0004303165464752486,0.9252668699961876,235259,104920
BTCUSDT,with_event_and_magnitude,2,2020-08-01 11:00:00+00:00,2021-08-01 11:00:00+00:00,2,0.1,0.0006049157955179873,0.10199879900488977,235259,104913
BTCUSDT,with_event_and_magnitude,2,2020-08-01 11:00:00+00:00,2021-08-01 11:00:00+00:00,2,0.5,0.0012354345728481015,0.5038460438649166,235259,104913
BTCUSDT,with_event_and_magnitude,2,2020-08-01 11:00:00+00:00,2021-08-01 11:00:00+00:00,2,0.9,0.0005956020088794657,0.9166642837398606,235259,104913
BTCUSDT,with_event_and_magnitude,2,2020-08-01 11:00:00+00:00,2021-08-01 11:00:00+00:00,3,0.1,0.0007456365949508601,0.09954626046174671,235259,104906
BTCUSDT,with_event_and_magnitude,2,2020-08-01 11:00:00+00:00,2021-08-01 11:00:00+00:00,3,0.5,0.0015004520263223857,0.5039940518178179,235259,104906
BTCUSDT,with_event_and_magnitude,2,2020-08-01 11:00:00+00:00,2021-08-01 11:00:00+00:00,3,0.9,0.0007173938117813685,0.8973461956418126,235259,104906
BTCUSDT,with_event_and_magnitude,2,2020-08-01 11:00:00+00:00,2021-08-01 11:00:00+00:00,4,0.1,0.0008707988712758929,0.10353768863382873,235259,104899
BTCUSDT,with_event_and_magnitude,2,2020-08-01 11:00:00+00:00,2021-08-01 11:00:00+00:00,4,0.5,0.00173431537899886,0.5085749149181594,235259,104899
BTCUSDT,with_event_and_magnitude,2,2020-08-01 11:00:00+00:00,2021-08-01 11:00:00+00:00,4,0.9,0.000826928357092554,0.9022774287648119,235259,104899
BTCUSDT,with_event_and_magnitude,2,2020-08-01 11:00:00+00:00,2021-08-01 11:00:00+00:00,5,0.1,0.0009709318685924411,0.10213362315524539,235259,104892
BTCUSDT,with_event_and_magnitude,2,2020-08-01 11:00:00+00:00,2021-08-01 11:00:00+00:00,5,0.5,0.0019342762785541363,0.5020878618007093,235259,104892
BTCUSDT,with_event_and_magnitude,2,2020-08-01 11:00:00+00:00,2021-08-01 11:00:00+00:00,5,0.9,0.0009236943749966236,0.9071044502917286,235259,104892
BTCUSDT,with_event_and_magnitude,2,2020-08-01 11:00:00+00:00,2021-08-01 11:00:00+00:00,6,0.1,0.001066996676397858,0.10647852409782142,235259,104885
BTCUSDT,with_event_and_magnitude,2,2020-08-01 11:00:00+00:00,2021-08-01 11:00:00+00:00,6,0.5,0.00209681371000166,0.5007865757734662,235259,104885
BTCUSDT,with_event_and_magnitude,2,2020-08-01 11:00:00+00:00,2021-08-01 11:00:00+00:00,6,0.9,0.0010177395490857664,0.9151260904800496,235259,104885
BTCUSDT,with_event_and_magnitude,2,2020-08-01 11:00:00+00:00,2021-08-01 11:00:00+00:00,7,0.1,0.0011499564129597666,0.10628539827227827,235259,104878
BTCUSDT,with_event_and_magnitude,2,2020-08-01 11:00:00+00:00,2021-08-01 11:00:00+00:00,7,0.5,0.0022363080553538684,0.5074276778733385,235259,104878
BTCUSDT,with_event_and_magnitude,2,2020-08-01 11:00:00+00:00,2021-08-01 11:00:00+00:00,7,0.9,0.0010837209041719155,0.9061957703236141,235259,104878
BTCUSDT,with_event_and_magnitude,2,2020-08-01 11:00:00+00:00,2021-08-01 11:00:00+00:00,8,0.1,0.0012453234749021857,0.10259270913789321,235259,104871
BTCUSDT,with_event_and_magnitude,2,2020-08-01 11:00:00+00:00,2021-08-01 11:00:00+00:00,8,0.5,0.002390147790834695,0.5076617940135977,235259,104871
BTCUSDT,with_event_and_magnitude,2,2020-08-01 11:00:00+00:00,2021-08-01 11:00:00+00:00,8,0.9,0.0011630075702956674,0.9090024887719198,235259,104871
BTCUSDT,with_event_and_magnitude,2,2020-08-01 11:00:00+00:00,2021-08-01 11:00:00+00:00,9,0.1,0.001313819554060023,0.10947512969179127,235259,104864
BTCUSDT,with_event_and_magnitude,2,2020-08-01 11:00:00+00:00,2021-08-01 11:00:00+00:00,9,0.5,0.0025321445462314,0.48896666158071406,235259,104864
BTCUSDT,with_event_and_magnitude,2,2020-08-01 11:00:00+00:00,2021-08-01 11:00:00+00:00,9,0.9,0.0012283614873474116,0.9100358559658224,235259,104864
BTCUSDT,with_event_and_magnitude,2,2020-08-01 11:00:00+00:00,2021-08-01 11:00:00+00:00,10,0.1,0.0013993748825259014,0.10140477030622658,235259,104857
BTCUSDT,with_event_and_magnitude,2,2020-08-01 11:00:00+00:00,2021-08-01 11:00:00+00:00,10,0.5,0.002670875947995739,0.5011873313178901,235259,104857
BTCUSDT,with_event_and_magnitude,2,2020-08-01 11:00:00+00:00,2021-08-01 11:00:00+00:00,10,0.9,0.0012996432102923418,0.9111265819163241,235259,104857
BTCUSDT,with_event_and_magnitude,2,2020-08-01 11:00:00+00:00,2021-08-01 11:00:00+00:00,11,0.1,0.0015515063532401776,0.07619456366237481,235259,104850
BTCUSDT,with_event_and_magnitude,2,2020-08-01 11:00:00+00:00,2021-08-01 11:00:00+00:00,11,0.5,0.002794743621943981,0.4984358607534573,235259,104850
BTCUSDT,with_event_and_magnitude,2,2020-08-01 11:00:00+00:00,2021-08-01 11:00:00+00:00,11,0.9,0.0013612536202939657,0.9055317119694802,235259,104850
BTCUSDT,with_event_and_magnitude,2,2020-08-01 11:00:00+00:00,2021-08-01 11:00:00+00:00,12,0.1,0.0016082781872610134,0.07619011283538243,235259,104843
BTCUSDT,with_event_and_magnitude,2,2020-08-01 11:00:00+00:00,2021-08-01 11:00:00+00:00,12,0.5,0.0029230142411786862,0.49886020049025687,235259,104843
BTCUSDT,with_event_and_magnitude,2,2020-08-01 11:00:00+00:00,2021-08-01 11:00:00+00:00,12,0.9,0.001417040788219998,0.9060213843556556,235259,104843
BTCUSDT,technical_only,3,2021-08-01 11:00:00+00:00,2022-08-01 11:00:00+00:00,1,0.1,0.0003453266915448206,0.10507425742574257,340186,105040
BTCUSDT,technical_only,3,2021-08-01 11:00:00+00:00,2022-08-01 11:00:00+00:00,1,0.5,0.0007162973659607576,0.5066165270373191,340186,105040
BTCUSDT,technical_only,3,2021-08-01 11:00:00+00:00,2022-08-01 11:00:00+00:00,1,0.9,0.0003486416180715602,0.8979531607006854,340186,105040
BTCUSDT,technical_only,3,2021-08-01 11:00:00+00:00,2022-08-01 11:00:00+00:00,2,0.1,0.0004968375681511598,0.10948418667529847,340186,105038
BTCUSDT,technical_only,3,2021-08-01 11:00:00+00:00,2022-08-01 11:00:00+00:00,2,0.5,0.0010063411720732675,0.5041794398217788,340186,105038
BTCUSDT,technical_only,3,2021-08-01 11:00:00+00:00,2022-08-01 11:00:00+00:00,2,0.9,0.000495377780620932,0.9017308021858755,340186,105038
BTCUSDT,technical_only,3,2021-08-01 11:00:00+00:00,2022-08-01 11:00:00+00:00,3,0.1,0.0006131802075403403,0.11619825583609429,340186,105036
BTCUSDT,technical_only,3,2021-08-01 11:00:00+00:00,2022-08-01 11:00:00+00:00,3,0.5,0.0012269868555378402,0.5081115046269851,340186,105036
BTCUSDT,technical_only,3,2021-08-01 11:00:00+00:00,2022-08-01 11:00:00+00:00,3,0.9,0.0006071093194110999,0.9006340683194334,340186,105036
BTCUSDT,technical_only,3,2021-08-01 11:00:00+00:00,2022-08-01 11:00:00+00:00,4,0.1,0.0007159863169916225,0.11576251499514444,340186,105034
BTCUSDT,technical_only,3,2021-08-01 11:00:00+00:00,2022-08-01 11:00:00+00:00,4,0.5,0.0014161587207986604,0.5121008435363787,340186,105034
BTCUSDT,technical_only,3,2021-08-01 11:00:00+00:00,2022-08-01 11:00:00+00:00,4,0.9,0.0007015528402832415,0.901041567492431,340186,105034
BTCUSDT,technical_only,3,2021-08-01 11:00:00+00:00,2022-08-01 11:00:00+00:00,5,0.1,0.0008094576858137816,0.1186209916977683,340186,105032
BTCUSDT,technical_only,3,2021-08-01 11:00:00+00:00,2022-08-01 11:00:00+00:00,5,0.5,0.0015794218633349948,0.5196416330261253,340186,105032
BTCUSDT,technical_only,3,2021-08-01 11:00:00+00:00,2022-08-01 11:00:00+00:00,5,0.9,0.0007889124339456581,0.9007921395384264,340186,105032
BTCUSDT,technical_only,3,2021-08-01 11:00:00+00:00,2022-08-01 11:00:00+00:00,6,0.1,0.0008911478031221637,0.12320289441112063,340186,105030
BTCUSDT,technical_only,3,2021-08-01 11:00:00+00:00,2022-08-01 11:00:00+00:00,6,0.5,0.0017291992292793727,0.5129867656859944,340186,105030
BTCUSDT,technical_only,3,2021-08-01 11:00:00+00:00,2022-08-01 11:00:00+00:00,6,0.9,0.0008681911271291532,0.9007902504046463,340186,105030
BTCUSDT,technical_only,3,2021-08-01 11:00:00+00:00,2022-08-01 11:00:00+00:00,7,0.1,0.0009642628952451356,0.11580721331454469,340186,105028
BTCUSDT,technical_only,3,2021-08-01 11:00:00+00:00,2022-08-01 11:00:00+00:00,7,0.5,0.0018689510475059779,0.5159386068476978,340186,105028
BTCUSDT,technical_only,3,2021-08-01 11:00:00+00:00,2022-08-01 11:00:00+00:00,7,0.9,0.0009485066609979447,0.9016357542750505,340186,105028
BTCUSDT,technical_only,3,2021-08-01 11:00:00+00:00,2022-08-01 11:00:00+00:00,8,0.1,0.0010397522309550074,0.12531182754746445,340186,105026
BTCUSDT,technical_only,3,2021-08-01 11:00:00+00:00,2022-08-01 11:00:00+00:00,8,0.5,0.002004519113792881,0.5208710224134976,340186,105026
BTCUSDT,technical_only,3,2021-08-01 11:00:00+00:00,2022-08-01 11:00:00+00:00,8,0.9,0.0010141652957677925,0.9002723135223659,340186,105026
BTCUSDT,technical_only,3,2021-08-01 11:00:00+00:00,2022-08-01 11:00:00+00:00,9,0.1,0.0011107748294458116,0.12522851919561243,340186,105024
BTCUSDT,technical_only,3,2021-08-01 11:00:00+00:00,2022-08-01 11:00:00+00:00,9,0.5,0.0021341807012154076,0.5287743753808654,340186,105024
BTCUSDT,technical_only,3,2021-08-01 11:00:00+00:00,2022-08-01 11:00:00+00:00,9,0.9,0.0010834846487634627,0.905954829372334,340186,105024
BTCUSDT,technical_only,3,2021-08-01 11:00:00+00:00,2022-08-01 11:00:00+00:00,10,0.1,0.0011682486549981115,0.1190036373331302,340186,105022
BTCUSDT,technical_only,3,2021-08-01 11:00:00+00:00,2022-08-01 11:00:00+00:00,10,0.5,0.002253997453578,0.5300127592313991,340186,105022
BTCUSDT,technical_only,3,2021-08-01 11:00:00+00:00,2022-08-01 11:00:00+00:00,10,0.9,0.001143946587289771,0.901258783873855,340186,105022
BTCUSDT,technical_only,3,2021-08-01 11:00:00+00:00,2022-08-01 11:00:00+00:00,11,0.1,0.0012398384975358526,0.13085126642544279,340186,105020
BTCUSDT,technical_only,3,2021-08-01 11:00:00+00:00,2022-08-01 11:00:00+00:00,11,0.5,0.0023683695849568472,0.5254999047800419,340186,105020
BTCUSDT,technical_only,3,2021-08-01 11:00:00+00:00,2022-08-01 11:00:00+00:00,11,0.9,0.0012200638019087377,0.904465816035041,340186,105020
BTCUSDT,technical_only,3,2021-08-01 11:00:00+00:00,2022-08-01 11:00:00+00:00,12,0.1,0.0012995377537559736,0.12634976861109523,340186,105018
BTCUSDT,technical_only,3,2021-08-01 11:00:00+00:00,2022-08-01 11:00:00+00:00,12,0.5,0.0024665801502264844,0.532594412386448,340186,105018
BTCUSDT,technical_only,3,2021-08-01 11:00:00+00:00,2022-08-01 11:00:00+00:00,12,0.9,0.0012597369245371205,0.9034736902245329,340186,105018
BTCUSDT,with_event_and_magnitude,3,2021-08-01 11:00:00+00:00,2022-08-01 11:00:00+00:00,1,0.1,0.0003454270094714019,0.10413175932977912,340186,105040
BTCUSDT,with_event_and_magnitude,3,2021-08-01 11:00:00+00:00,2022-08-01 11:00:00+00:00,1,0.5,0.0007161372264954455,0.5068259710586444,340186,105040
BTCUSDT,with_event_and_magnitude,3,2021-08-01 11:00:00+00:00,2022-08-01 11:00:00+00:00,1,0.9,0.0003487359506577333,0.8987147753236863,340186,105040
BTCUSDT,with_event_and_magnitude,3,2021-08-01 11:00:00+00:00,2022-08-01 11:00:00+00:00,2,0.1,0.0004968642303899355,0.10878920009901179,340186,105038
BTCUSDT,with_event_and_magnitude,3,2021-08-01 11:00:00+00:00,2022-08-01 11:00:00+00:00,2,0.5,0.0010061495227681903,0.5035796568860793,340186,105038
BTCUSDT,with_event_and_magnitude,3,2021-08-01 11:00:00+00:00,2022-08-01 11:00:00+00:00,2,0.9,0.0004952821173121008,0.9013975894438203,340186,105038
BTCUSDT,with_event_and_magnitude,3,2021-08-01 11:00:00+00:00,2022-08-01 11:00:00+00:00,3,0.1,0.0006131347486134865,0.11507483148634753,340186,105036
BTCUSDT,with_event_and_magnitude,3,2021-08-01 11:00:00+00:00,2022-08-01 11:00:00+00:00,3,0.5,0.001227222609135296,0.5094919837008264,340186,105036
BTCUSDT,with_event_and_magnitude,3,2021-08-01 11:00:00+00:00,2022-08-01 11:00:00+00:00,3,0.9,0.0006076658940181438,0.9006245477740965,340186,105036
BTCUSDT,with_event_and_magnitude,3,2021-08-01 11:00:00+00:00,2022-08-01 11:00:00+00:00,4,0.1,0.0007166696726200685,0.11674314983719558,340186,105034
BTCUSDT,with_event_and_magnitude,3,2021-08-01 11:00:00+00:00,2022-08-01 11:00:00+00:00,4,0.5,0.001416895421103265,0.5094159986290153,340186,105034
BTCUSDT,with_event_and_magnitude,3,2021-08-01 11:00:00+00:00,2022-08-01 11:00:00+00:00,4,0.9,0.0007036258729357656,0.9016128110897423,340186,105034
BTCUSDT,with_event_and_magnitude,3,2021-08-01 11:00:00+00:00,2022-08-01 11:00:00+00:00,5,0.1,0.0008080996971038155,0.11770698453804555,340186,105032
BTCUSDT,with_event_and_magnitude,3,2021-08-01 11:00:00+00:00,2022-08-01 11:00:00+00:00,5,0.5,0.0015805169716167093,0.5215743773326225,340186,105032
BTCUSDT,with_event_and_magnitude,3,2021-08-01 11:00:00+00:00,2022-08-01 11:00:00+00:00,5,0.9,0.000790142746534869,0.900811181354254,340186,105032
BTCUSDT,with_event_and_magnitude,3,2021-08-01 11:00:00+00:00,2022-08-01 11:00:00+00:00,6,0.1,0.0008884359983555917,0.11823288584214034,340186,105030
BTCUSDT,with_event_and_magnitude,3,2021-08-01 11:00:00+00:00,2022-08-01 11:00:00+00:00,6,0.5,0.0017292297086422778,0.5126059221174902,340186,105030
BTCUSDT,with_event_and_magnitude,3,2021-08-01 11:00:00+00:00,2022-08-01 11:00:00+00:00,6,0.9,0.0008684911058596071,0.9022088926973246,340186,105030
BTCUSDT,with_event_and_magnitude,3,2021-08-01 11:00:00+00:00,2022-08-01 11:00:00+00:00,7,0.1,0.0009670537297316152,0.12272917698137639,340186,105028
BTCUSDT,with_event_and_magnitude,3,2021-08-01 11:00:00+00:00,2022-08-01 11:00:00+00:00,7,0.5,0.0018694357585646705,0.5207563697299767,340186,105028
BTCUSDT,with_event_and_magnitude,3,2021-08-01 11:00:00+00:00,2022-08-01 11:00:00+00:00,7,0.9,0.0009440359630104105,0.9009407015272118,340186,105028
BTCUSDT,with_event_and_magnitude,3,2021-08-01 11:00:00+00:00,2022-08-01 11:00:00+00:00,8,0.1,0.001039065555864185,0.12051301582465294,340186,105026
BTCUSDT,with_event_and_magnitude,3,2021-08-01 11:00:00+00:00,2022-08-01 11:00:00+00:00,8,0.5,0.00200099989362274,0.5217565174337783,340186,105026
BTCUSDT,with_event_and_magnitude,3,2021-08-01 11:00:00+00:00,2022-08-01 11:00:00+00:00,8,0.9,0.0010153854152727953,0.9010435511206749,340186,105026
BTCUSDT,with_event_and_magnitude,3,2021-08-01 11:00:00+00:00,2022-08-01 11:00:00+00:00,9,0.1,0.0011074750399624135,0.11766834247410116,340186,105024
BTCUSDT,with_event_and_magnitude,3,2021-08-01 11:00:00+00:00,2022-08-01 11:00:00+00:00,9,0.5,0.0021324143864187703,0.5268129189518587,340186,105024
BTCUSDT,with_event_and_magnitude,3,2021-08-01 11:00:00+00:00,2022-08-01 11:00:00+00:00,9,0.9,0.0010812346194440342,0.9009940585009141,340186,105024
BTCUSDT,with_event_and_magnitude,3,2021-08-01 11:00:00+00:00,2022-08-01 11:00:00+00:00,10,0.1,0.001164436112097249,0.11925120450953133,340186,105022
BTCUSDT,with_event_and_magnitude,3,2021-08-01 11:00:00+00:00,2022-08-01 11:00:00+00:00,10,0.5,0.002251925799447446,0.5360400677953191,340186,105022
BTCUSDT,with_event_and_magnitude,3,2021-08-01 11:00:00+00:00,2022-08-01 11:00:00+00:00,10,0.9,0.0011338388776390381,0.9018777018148578,340186,105022
BTCUSDT,with_event_and_magnitude,3,2021-08-01 11:00:00+00:00,2022-08-01 11:00:00+00:00,11,0.1,0.0012259809614101125,0.12114835269472482,340186,105020
BTCUSDT,with_event_and_magnitude,3,2021-08-01 11:00:00+00:00,2022-08-01 11:00:00+00:00,11,0.5,0.0023655663403809616,0.5315654161112169,340186,105020
BTCUSDT,with_event_and_magnitude,3,2021-08-01 11:00:00+00:00,2022-08-01 11:00:00+00:00,11,0.9,0.0012038071823785744,0.9019615311369263,340186,105020
BTCUSDT,with_event_and_magnitude,3,2021-08-01 11:00:00+00:00,2022-08-01 11:00:00+00:00,12,0.1,0.0012926761545744726,0.12423584528366566,340186,105018
BTCUSDT,with_event_and_magnitude,3,2021-08-01 11:00:00+00:00,2022-08-01 11:00:00+00:00,12,0.5,0.0024697419819980585,0.5347654687767811,340186,105018
BTCUSDT,with_event_and_magnitude,3,2021-08-01 11:00:00+00:00,2022-08-01 11:00:00+00:00,12,0.9,0.0012631056139799886,0.9052829038831438,340186,105018
BTCUSDT,technical_only,4,2022-08-01 11:00:00+00:00,2023-08-01 11:00:00+00:00,1,0.1,0.0002225531668925319,0.0738608793278974,445228,105103
BTCUSDT,technical_only,4,2022-08-01 11:00:00+00:00,2023-08-01 11:00:00+00:00,1,0.5,0.0004407684358621354,0.5310124354204923,445228,105103
BTCUSDT,technical_only,4,2022-08-01 11:00:00+00:00,2023-08-01 11:00:00+00:00,1,0.9,0.000221497209088992,0.9329514856854705,445228,105103
BTCUSDT,technical_only,4,2022-08-01 11:00:00+00:00,2023-08-01 11:00:00+00:00,2,0.1,0.0003187059311069531,0.07791478753972332,445228,105102
BTCUSDT,technical_only,4,2022-08-01 11:00:00+00:00,2023-08-01 11:00:00+00:00,2,0.5,0.000613496618460129,0.5294570988182908,445228,105102
BTCUSDT,technical_only,4,2022-08-01 11:00:00+00:00,2023-08-01 11:00:00+00:00,2,0.9,0.0003157660699490621,0.9329223040474968,445228,105102
BTCUSDT,technical_only,4,2022-08-01 11:00:00+00:00,2023-08-01 11:00:00+00:00,3,0.1,0.0003958569938439751,0.06995176068733884,445228,105101
BTCUSDT,technical_only,4,2022-08-01 11:00:00+00:00,2023-08-01 11:00:00+00:00,3,0.5,0.0007523475907840202,0.5419834254669318,445228,105101
BTCUSDT,technical_only,4,2022-08-01 11:00:00+00:00,2023-08-01 11:00:00+00:00,3,0.9,0.0003964858023221685,0.9362613105489006,445228,105101
BTCUSDT,technical_only,4,2022-08-01 11:00:00+00:00,2023-08-01 11:00:00+00:00,4,0.1,0.0004619467030836006,0.0691722169362512,445228,105100
BTCUSDT,technical_only,4,2022-08-01 11:00:00+00:00,2023-08-01 11:00:00+00:00,4,0.5,0.0008658727069522973,0.5341103710751665,445228,105100
BTCUSDT,technical_only,4,2022-08-01 11:00:00+00:00,2023-08-01 11:00:00+00:00,4,0.9,0.0004725489626371894,0.9398763082778306,445228,105100
BTCUSDT,technical_only,4,2022-08-01 11:00:00+00:00,2023-08-01 11:00:00+00:00,5,0.1,0.0005204206274601834,0.06825945061323134,445228,105099
BTCUSDT,technical_only,4,2022-08-01 11:00:00+00:00,2023-08-01 11:00:00+00:00,5,0.5,0.0009663720274386046,0.5342201162713252,445228,105099
BTCUSDT,technical_only,4,2022-08-01 11:00:00+00:00,2023-08-01 11:00:00+00:00,5,0.9,0.0005393568731268568,0.9425208612831711,445228,105099
BTCUSDT,technical_only,4,2022-08-01 11:00:00+00:00,2023-08-01 11:00:00+00:00,6,0.1,0.0005831766563680185,0.06771774914841386,445228,105098
BTCUSDT,technical_only,4,2022-08-01 11:00:00+00:00,2023-08-01 11:00:00+00:00,6,0.5,0.0010636225950784969,0.5307332204228434,445228,105098
BTCUSDT,technical_only,4,2022-08-01 11:00:00+00:00,2023-08-01 11:00:00+00:00,6,0.9,0.0005903878970456708,0.9412453138975052,445228,105098
BTCUSDT,technical_only,4,2022-08-01 11:00:00+00:00,2023-08-01 11:00:00+00:00,7,0.1,0.0006230477492599372,0.07171470165656489,445228,105097
BTCUSDT,technical_only,4,2022-08-01 11:00:00+00:00,2023-08-01 11:00:00+00:00,7,0.5,0.0011398023895587501,0.5276649190747595,445228,105097
BTCUSDT,technical_only,4,2022-08-01 11:00:00+00:00,2023-08-01 11:00:00+00:00,7,0.9,0.0006365428519822102,0.9399126521213735,445228,105097
BTCUSDT,technical_only,4,2022-08-01 11:00:00+00:00,2023-08-01 11:00:00+00:00,8,0.1,0.0006798331066080576,0.06568280429321763,445228,105096
BTCUSDT,technical_only,4,2022-08-01 11:00:00+00:00,2023-08-01 11:00:00+00:00,8,0.5,0.0012276106961150246,0.5520191063408693,445228,105096
BTCUSDT,technical_only,4,2022-08-01 11:00:00+00:00,2023-08-01 11:00:00+00:00,8,0.9,0.0006991136337277358,0.9431662480018269,445228,105096
BTCUSDT,technical_only,4,2022-08-01 11:00:00+00:00,2023-08-01 11:00:00+00:00,9,0.1,0.0007442230496832807,0.06354250915838051,445228,105095
BTCUSDT,technical_only,4,2022-08-01 11:00:00+00:00,2023-08-01 11:00:00+00:00,9,0.5,0.0012948339371251308,0.537066463675722,445228,105095
BTCUSDT,technical_only,4,2022-08-01 11:00:00+00:00,2023-08-01 11:00:00+00:00,9,0.9,0.0007379934916569896,0.940644179076074,445228,105095
BTCUSDT,technical_only,4,2022-08-01 11:00:00+00:00,2023-08-01 11:00:00+00:00,10,0.1,0.0007632575889843135,0.06627400232173102,445228,105094
BTCUSDT,technical_only,4,2022-08-01 11:00:00+00:00,2023-08-01 11:00:00+00:00,10,0.5,0.0013804956878322788,0.5256151635678535,445228,105094
BTCUSDT,technical_only,4,2022-08-01 11:00:00+00:00,2023-08-01 11:00:00+00:00,10,0.9,0.0007656246080493436,0.9389023160218471,445228,105094
BTCUSDT,technical_only,4,2022-08-01 11:00:00+00:00,2023-08-01 11:00:00+00:00,11,0.1,0.0008075733804258114,0.06518036405850057,445228,105093
BTCUSDT,technical_only,4,2022-08-01 11:00:00+00:00,2023-08-01 11:00:00+00:00,11,0.5,0.001453355290212596,0.5496274728097971,445228,105093
BTCUSDT,technical_only,4,2022-08-01 11:00:00+00:00,2023-08-01 11:00:00+00:00,11,0.9,0.0008344896500960971,0.944306471411036,445228,105093
BTCUSDT,technical_only,4,2022-08-01 11:00:00+00:00,2023-08-01 11:00:00+00:00,12,0.1,0.0008734873982418402,0.06395348837209303,445228,105092
BTCUSDT,technical_only,4,2022-08-01 11:00:00+00:00,2023-08-01 11:00:00+00:00,12,0.5,0.0015215313183419943,0.5400506223118792,445228,105092
BTCUSDT,technical_only,4,2022-08-01 11:00:00+00:00,2023-08-01 11:00:00+00:00,12,0.9,0.0008715916443391506,0.9417843413390172,445228,105092
BTCUSDT,with_event_and_magnitude,4,2022-08-01 11:00:00+00:00,2023-08-01 11:00:00+00:00,1,0.1,0.00022240832301870779,0.0757162022016498,445228,105103
BTCUSDT,with_event_and_magnitude,4,2022-08-01 11:00:00+00:00,2023-08-01 11:00:00+00:00,1,0.5,0.0004406295428883252,0.5289668230212268,445228,105103
BTCUSDT,with_event_and_magnitude,4,2022-08-01 11:00:00+00:00,2023-08-01 11:00:00+00:00,1,0.9,0.0002217787029565773,0.9340266215046192,445228,105103
BTCUSDT,with_event_and_magnitude,4,2022-08-01 11:00:00+00:00,2023-08-01 11:00:00+00:00,2,0.1,0.0003185307899582681,0.07543148560446043,445228,105102
BTCUSDT,with_event_and_magnitude,4,2022-08-01 11:00:00+00:00,2023-08-01 11:00:00+00:00,2,0.5,0.0006130762269186725,0.5302753515632433,445228,105102
BTCUSDT,with_event_and_magnitude,4,2022-08-01 11:00:00+00:00,2023-08-01 11:00:00+00:00,2,0.9,0.00031621750831591533,0.9356244410192004,445228,105102
BTCUSDT,with_event_and_magnitude,4,2022-08-01 11:00:00+00:00,2023-08-01 11:00:00+00:00,3,0.1,0.00039779796381534847,0.06765872827090132,445228,105101
BTCUSDT,with_event_and_magnitude,4,2022-08-01 11:00:00+00:00,2023-08-01 11:00:00+00:00,3,0.5,0.0007517005771086457,0.5394905852465723,445228,105101
BTCUSDT,with_event_and_magnitude,4,2022-08-01 11:00:00+00:00,2023-08-01 11:00:00+00:00,3,0.9,0.00040073056550870206,0.9401147467673951,445228,105101
BTCUSDT,with_event_and_magnitude,4,2022-08-01 11:00:00+00:00,2023-08-01 11:00:00+00:00,4,0.1,0.00046084241611426717,0.07288296860133206,445228,105100
BTCUSDT,with_event_and_magnitude,4,2022-08-01 11:00:00+00:00,2023-08-01 11:00:00+00:00,4,0.5,0.0008691511658471936,0.5351094196003806,445228,105100
BTCUSDT,with_event_and_magnitude,4,2022-08-01 11:00:00+00:00,2023-08-01 11:00:00+00:00,4,0.9,0.0004683839084275785,0.9394862036156042,445228,105100
BTCUSDT,with_event_and_magnitude,4,2022-08-01 11:00:00+00:00,2023-08-01 11:00:00+00:00,5,0.1,0.0005218497451018055,0.06610909713698512,445228,105099
BTCUSDT,with_event_and_magnitude,4,2022-08-01 11:00:00+00:00,2023-08-01 11:00:00+00:00,5,0.5,0.0009684309859281287,0.534600709806944,445228,105099
BTCUSDT,with_event_and_magnitude,4,2022-08-01 11:00:00+00:00,2023-08-01 11:00:00+00:00,5,0.9,0.0005300836278829869,0.9400565181400394,445228,105099
BTCUSDT,with_event_and_magnitude,4,2022-08-01 11:00:00+00:00,2023-08-01 11:00:00+00:00,6,0.1,0.000572239050950275,0.0701440560239015,445228,105098
BTCUSDT,with_event_and_magnitude,4,2022-08-01 11:00:00+00:00,2023-08-01 11:00:00+00:00,6,0.5,0.0010675008162713752,0.5493824811128661,445228,105098
BTCUSDT,with_event_and_magnitude,4,2022-08-01 11:00:00+00:00,2023-08-01 11:00:00+00:00,6,0.9,0.0005869221012929975,0.942605948733563,445228,105098
BTCUSDT,with_event_and_magnitude,4,2022-08-01 11:00:00+00:00,2023-08-01 11:00:00+00:00,7,0.1,0.0006193161429704408,0.07219045262947563,445228,105097
BTCUSDT,with_event_and_magnitude,4,2022-08-01 11:00:00+00:00,2023-08-01 11:00:00+00:00,7,0.5,0.0011430755659826827,0.533354900710772,445228,105097
BTCUSDT,with_event_and_magnitude,4,2022-08-01 11:00:00+00:00,2023-08-01 11:00:00+00:00,7,0.9,0.0006390753815181549,0.9424436472972587,445228,105097
BTCUSDT,with_event_and_magnitude,4,2022-08-01 11:00:00+00:00,2023-08-01 11:00:00+00:00,8,0.1,0.0006660222314902275,0.0728476821192053,445228,105096
BTCUSDT,with_event_and_magnitude,4,2022-08-01 11:00:00+00:00,2023-08-01 11:00:00+00:00,8,0.5,0.001223488803929297,0.5405153383573114,445228,105096
BTCUSDT,with_event_and_magnitude,4,2022-08-01 11:00:00+00:00,2023-08-01 11:00:00+00:00,8,0.9,0.000686804565077402,0.9413393468828499,445228,105096
BTCUSDT,with_event_and_magnitude,4,2022-08-01 11:00:00+00:00,2023-08-01 11:00:00+00:00,9,0.1,0.0007059492470528918,0.07667348589371521,445228,105095
BTCUSDT,with_event_and_magnitude,4,2022-08-01 11:00:00+00:00,2023-08-01 11:00:00+00:00,9,0.5,0.001291273683993401,0.5303677625005947,445228,105095
BTCUSDT,with_event_and_magnitude,4,2022-08-01 11:00:00+00:00,2023-08-01 11:00:00+00:00,9,0.9,0.0007325912852056889,0.9417574575384177,445228,105095
BTCUSDT,with_event_and_magnitude,4,2022-08-01 11:00:00+00:00,2023-08-01 11:00:00+00:00,10,0.1,0.0007594722822406922,0.07110777018669001,445228,105094
BTCUSDT,with_event_and_magnitude,4,2022-08-01 11:00:00+00:00,2023-08-01 11:00:00+00:00,10,0.5,0.0013735632903933055,0.5280035016271147,445228,105094
BTCUSDT,with_event_and_magnitude,4,2022-08-01 11:00:00+00:00,2023-08-01 11:00:00+00:00,10,0.9,0.0007790995586111696,0.9419757550383466,445228,105094
BTCUSDT,with_event_and_magnitude,4,2022-08-01 11:00:00+00:00,2023-08-01 11:00:00+00:00,11,0.1,0.0008266509988028471,0.06536115630917377,445228,105093
BTCUSDT,with_event_and_magnitude,4,2022-08-01 11:00:00+00:00,2023-08-01 11:00:00+00:00,11,0.5,0.0014693782569321818,0.5488567268990323,445228,105093
BTCUSDT,with_event_and_magnitude,4,2022-08-01 11:00:00+00:00,2023-08-01 11:00:00+00:00,11,0.9,0.0008066424028782624,0.9382356579410617,445228,105093
BTCUSDT,with_event_and_magnitude,4,2022-08-01 11:00:00+00:00,2023-08-01 11:00:00+00:00,12,0.1,0.0008607921114407664,0.06610398507973966,445228,105092
BTCUSDT,with_event_and_magnitude,4,2022-08-01 11:00:00+00:00,2023-08-01 11:00:00+00:00,12,0.5,0.0015178075723928791,0.5283465915578731,445228,105092
BTCUSDT,with_event_and_magnitude,4,2022-08-01 11:00:00+00:00,2023-08-01 11:00:00+00:00,12,0.9,0.0008624842770307904,0.9403379895710425,445228,105092
BTCUSDT,technical_only,5,2023-08-01 11:00:00+00:00,2024-07-31 11:00:00+00:00,1,0.1,0.00022276227886701143,0.09330289193302892,550332,105120
BTCUSDT,technical_only,5,2023-08-01 11:00:00+00:00,2024-07-31 11:00:00+00:00,1,0.5,0.0004635218885202509,0.49246575342465754,550332,105120
BTCUSDT,technical_only,5,2023-08-01 11:00:00+00:00,2024-07-31 11:00:00+00:00,1,0.9,0.00021739772321458398,0.9009417808219178,550332,105120
BTCUSDT,technical_only,5,2023-08-01 11:00:00+00:00,2024-07-31 11:00:00+00:00,2,0.1,0.0003162334586293992,0.09512937595129375,550332,105120
BTCUSDT,technical_only,5,2023-08-01 11:00:00+00:00,2024-07-31 11:00:00+00:00,2,0.5,0.0006509228379350233,0.49074391171993914,550332,105120
BTCUSDT,technical_only,5,2023-08-01 11:00:00+00:00,2024-07-31 11:00:00+00:00,2,0.9,0.00030885472216012956,0.8986491628614917,550332,105120
BTCUSDT,technical_only,5,2023-08-01 11:00:00+00:00,2024-07-31 11:00:00+00:00,3,0.1,0.00038791397433772735,0.09502473363774734,550332,105120
BTCUSDT,technical_only,5,2023-08-01 11:00:00+00:00,2024-07-31 11:00:00+00:00,3,0.5,0.0007907868088612551,0.4885749619482496,550332,105120
BTCUSDT,technical_only,5,2023-08-01 11:00:00+00:00,2024-07-31 11:00:00+00:00,3,0.9,0.00038072454238255546,0.8980688736681888,550332,105120
BTCUSDT,technical_only,5,2023-08-01 11:00:00+00:00,2024-07-31 11:00:00+00:00,4,0.1,0.0004484021109859251,0.09410197869101979,550332,105120
BTCUSDT,technical_only,5,2023-08-01 11:00:00+00:00,2024-07-31 11:00:00+00:00,4,0.5,0.0009085123516955891,0.4891552511415525,550332,105120
BTCUSDT,technical_only,5,2023-08-01 11:00:00+00:00,2024-07-31 11:00:00+00:00,4,0.9,0.00044116679182309683,0.8968987823439878,550332,105120
BTCUSDT,technical_only,5,2023-08-01 11:00:00+00:00,2024-07-31 11:00:00+00:00,5,0.1,0.0005030128423231982,0.09210426179604261,550332,105120
BTCUSDT,technical_only,5,2023-08-01 11:00:00+00:00,2024-07-31 11:00:00+00:00,5,0.5,0.0010103144415261108,0.49075342465753424,550332,105120
BTCUSDT,technical_only,5,2023-08-01 11:00:00+00:00,2024-07-31 11:00:00+00:00,5,0.9,0.0004953048100582438,0.8957762557077625,550332,105120
BTCUSDT,technical_only,5,2023-08-01 11:00:00+00:00,2024-07-31 11:00:00+00:00,6,0.1,0.0005521404851038757,0.09220890410958904,550332,105120
BTCUSDT,technical_only,5,2023-08-01 11:00:00+00:00,2024-07-31 11:00:00+00:00,6,0.5,0.0011016612174433184,0.4901541095890411,550332,105120
BTCUSDT,technical_only,5,2023-08-01 11:00:00+00:00,2024-07-31 11:00:00+00:00,6,0.9,0.0005445997607873566,0.8964611872146119,550332,105120
BTCUSDT,technical_only,5,2023-08-01 11:00:00+00:00,2024-07-31 11:00:00+00:00,7,0.1,0.0005979191282876391,0.09048706240487063,550332,105120
BTCUSDT,technical_only,5,2023-08-01 11:00:00+00:00,2024-07-31 11:00:00+00:00,7,0.5,0.0011872719041554057,0.4903443683409437,550332,105120
BTCUSDT,technical_only,5,2023-08-01 11:00:00+00:00,2024-07-31 11:00:00+00:00,7,0.9,0.0005918536578668736,0.8951864535768645,550332,105120
BTCUSDT,technical_only,5,2023-08-01 11:00:00+00:00,2024-07-31 11:00:00+00:00,8,0.1,0.0006409471961221371,0.08976407914764079,550332,105120
BTCUSDT,technical_only,5,2023-08-01 11:00:00+00:00,2024-07-31 11:00:00+00:00,8,0.5,0.0012669751660215596,0.4934265601217656,550332,105120
BTCUSDT,technical_only,5,2023-08-01 11:00:00+00:00,2024-07-31 11:00:00+00:00,8,0.9,0.0006349269021713215,0.8963375190258752,550332,105120
BTCUSDT,technical_only,5,2023-08-01 11:00:00+00:00,2024-07-31 11:00:00+00:00,9,0.1,0.0006843784338426647,0.08940258751902587,550332,105120
BTCUSDT,technical_only,5,2023-08-01 11:00:00+00:00,2024-07-31 11:00:00+00:00,9,0.5,0.0013419441361183834,0.49217085235920854,550332,105120
BTCUSDT,technical_only,5,2023-08-01 11:00:00+00:00,2024-07-31 11:00:00+00:00,9,0.9,0.000678077001741622,0.8940829528158295,550332,105120
BTCUSDT,technical_only,5,2023-08-01 11:00:00+00:00,2024-07-31 11:00:00+00:00,10,0.1,0.0007213642986005811,0.08911719939117199,550332,105120
BTCUSDT,technical_only,5,2023-08-01 11:00:00+00:00,2024-07-31 11:00:00+00:00,10,0.5,0.0014138801928628073,0.48817541856925417,550332,105120
BTCUSDT,technical_only,5,2023-08-01 11:00:00+00:00,2024-07-31 11:00:00+00:00,10,0.9,0.0007161342631923783,0.8954242770167428,550332,105120
BTCUSDT,technical_only,5,2023-08-01 11:00:00+00:00,2024-07-31 11:00:00+00:00,11,0.1,0.0007591781589817964,0.09239916286149163,550332,105120
BTCUSDT,technical_only,5,2023-08-01 11:00:00+00:00,2024-07-31 11:00:00+00:00,11,0.5,0.0014813380416153596,0.487062404870624,550332,105120
BTCUSDT,technical_only,5,2023-08-01 11:00:00+00:00,2024-07-31 11:00:00+00:00,11,0.9,0.0007517491539283017,0.8970700152207002,550332,105120
BTCUSDT,technical_only,5,2023-08-01 11:00:00+00:00,2024-07-31 11:00:00+00:00,12,0.1,0.0007930092590525126,0.0880517503805175,550332,105120
BTCUSDT,technical_only,5,2023-08-01 11:00:00+00:00,2024-07-31 11:00:00+00:00,12,0.5,0.001545186932975524,0.48508371385083715,550332,105120
BTCUSDT,technical_only,5,2023-08-01 11:00:00+00:00,2024-07-31 11:00:00+00:00,12,0.9,0.0007894416041760389,0.8974505327245054,550332,105120
BTCUSDT,with_event_and_magnitude,5,2023-08-01 11:00:00+00:00,2024-07-31 11:00:00+00:00,1,0.1,0.00022278956727503607,0.09437785388127853,550332,105120
BTCUSDT,with_event_and_magnitude,5,2023-08-01 11:00:00+00:00,2024-07-31 11:00:00+00:00,1,0.5,0.00046356045413016654,0.4925323439878234,550332,105120
BTCUSDT,with_event_and_magnitude,5,2023-08-01 11:00:00+00:00,2024-07-31 11:00:00+00:00,1,0.9,0.0002174437580977292,0.9008847031963471,550332,105120
BTCUSDT,with_event_and_magnitude,5,2023-08-01 11:00:00+00:00,2024-07-31 11:00:00+00:00,2,0.1,0.00031657276930121837,0.0951769406392694,550332,105120
BTCUSDT,with_event_and_magnitude,5,2023-08-01 11:00:00+00:00,2024-07-31 11:00:00+00:00,2,0.5,0.0006508434938204472,0.4912005327245053,550332,105120
BTCUSDT,with_event_and_magnitude,5,2023-08-01 11:00:00+00:00,2024-07-31 11:00:00+00:00,2,0.9,0.00030886589631679164,0.8985159817351598,550332,105120
BTCUSDT,with_event_and_magnitude,5,2023-08-01 11:00:00+00:00,2024-07-31 11:00:00+00:00,3,0.1,0.0003881411623302131,0.09417808219178082,550332,105120
BTCUSDT,with_event_and_magnitude,5,2023-08-01 11:00:00+00:00,2024-07-31 11:00:00+00:00,3,0.5,0.0007905356660196869,0.49037290715372905,550332,105120
BTCUSDT,with_event_and_magnitude,5,2023-08-01 11:00:00+00:00,2024-07-31 11:00:00+00:00,3,0.9,0.0003806284954335333,0.897869101978691,550332,105120
BTCUSDT,with_event_and_magnitude,5,2023-08-01 11:00:00+00:00,2024-07-31 11:00:00+00:00,4,0.1,0.00044833572341378223,0.09334094368340944,550332,105120
BTCUSDT,with_event_and_magnitude,5,2023-08-01 11:00:00+00:00,2024-07-31 11:00:00+00:00,4,0.5,0.000908572254333264,0.4884322678843227,550332,105120
BTCUSDT,with_event_and_magnitude,5,2023-08-01 11:00:00+00:00,2024-07-31 11:00:00+00:00,4,0.9,0.0004414940382178291,0.8969273211567732,550332,105120
BTCUSDT,with_event_and_magnitude,5,2023-08-01 11:00:00+00:00,2024-07-31 11:00:00+00:00,5,0.1,0.000503253865894021,0.09377853881278539,550332,105120
BTCUSDT,with_event_and_magnitude,5,2023-08-01 11:00:00+00:00,2024-07-31 11:00:00+00:00,5,0.5,0.0010101535855807158,0.4897355403348554,550332,105120
BTCUSDT,with_event_and_magnitude,5,2023-08-01 11:00:00+00:00,2024-07-31 11:00:00+00:00,5,0.9,0.0004956201789128367,0.896622907153729,550332,105120
BTCUSDT,with_event_and_magnitude,5,2023-08-01 11:00:00+00:00,2024-07-31 11:00:00+00:00,6,0.1,0.0005525347383473917,0.09136225266362252,550332,105120
BTCUSDT,with_event_and_magnitude,5,2023-08-01 11:00:00+00:00,2024-07-31 11:00:00+00:00,6,0.5,0.0011022351525644884,0.48880327245053273,550332,105120
BTCUSDT,with_event_and_magnitude,5,2023-08-01 11:00:00+00:00,2024-07-31 11:00:00+00:00,6,0.9,0.0005451116139085509,0.8968987823439878,550332,105120
BTCUSDT,with_event_and_magnitude,5,2023-08-01 11:00:00+00:00,2024-07-31 11:00:00+00:00,7,0.1,0.0005971170298423396,0.09107686453576865,550332,105120
BTCUSDT,with_event_and_magnitude,5,2023-08-01 11:00:00+00:00,2024-07-31 11:00:00+00:00,7,0.5,0.0011870679400204991,0.49137176560121765,550332,105120
BTCUSDT,with_event_and_magnitude,5,2023-08-01 11:00:00+00:00,2024-07-31 11:00:00+00:00,7,0.9,0.0005902306243570477,0.8968702435312025,550332,105120
BTCUSDT,with_event_and_magnitude,5,2023-08-01 11:00:00+00:00,2024-07-31 11:00:00+00:00,8,0.1,0.0006396020286884464,0.08889840182648402,550332,105120
BTCUSDT,with_event_and_magnitude,5,2023-08-01 11:00:00+00:00,2024-07-31 11:00:00+00:00,8,0.5,0.0012678420301989303,0.4936168188736682,550332,105120
BTCUSDT,with_event_and_magnitude,5,2023-08-01 11:00:00+00:00,2024-07-31 11:00:00+00:00,8,0.9,0.0006351139149056264,0.8961092085235921,550332,105120
BTCUSDT,with_event_and_magnitude,5,2023-08-01 11:00:00+00:00,2024-07-31 11:00:00+00:00,9,0.1,0.0006831343831925779,0.08939307458143074,550332,105120
BTCUSDT,with_event_and_magnitude,5,2023-08-01 11:00:00+00:00,2024-07-31 11:00:00+00:00,9,0.5,0.0013419740654022094,0.4918759512937595,550332,105120
BTCUSDT,with_event_and_magnitude,5,2023-08-01 11:00:00+00:00,2024-07-31 11:00:00+00:00,9,0.9,0.0006754029326350624,0.8971270928462709,550332,105120
BTCUSDT,with_event_and_magnitude,5,2023-08-01 11:00:00+00:00,2024-07-31 11:00:00+00:00,10,0.1,0.0007227486224321896,0.08974505327245054,550332,105120
BTCUSDT,with_event_and_magnitude,5,2023-08-01 11:00:00+00:00,2024-07-31 11:00:00+00:00,10,0.5,0.001412664516234914,0.49113394216133943,550332,105120
BTCUSDT,with_event_and_magnitude,5,2023-08-01 11:00:00+00:00,2024-07-31 11:00:00+00:00,10,0.9,0.0007159434821650036,0.8975551750380517,550332,105120
BTCUSDT,with_event_and_magnitude,5,2023-08-01 11:00:00+00:00,2024-07-31 11:00:00+00:00,11,0.1,0.0007594214530280601,0.09179984779299848,550332,105120
BTCUSDT,with_event_and_magnitude,5,2023-08-01 11:00:00+00:00,2024-07-31 11:00:00+00:00,11,0.5,0.0014818897996374774,0.48735730593607307,550332,105120
BTCUSDT,with_event_and_magnitude,5,2023-08-01 11:00:00+00:00,2024-07-31 11:00:00+00:00,11,0.9,0.0007532745121136168,0.896832191780822,550332,105120
BTCUSDT,with_event_and_magnitude,5,2023-08-01 11:00:00+00:00,2024-07-31 11:00:00+00:00,12,0.1,0.0007951259386015326,0.09036339421613394,550332,105120
BTCUSDT,with_event_and_magnitude,5,2023-08-01 11:00:00+00:00,2024-07-31 11:00:00+00:00,12,0.5,0.001543806432909077,0.4859779299847793,550332,105120
BTCUSDT,with_event_and_magnitude,5,2023-08-01 11:00:00+00:00,2024-07-31 11:00:00+00:00,12,0.9,0.0007885730933338727,0.8978120243531202,550332,105120
BTCUSDT,technical_only,6,2024-07-31 11:00:00+00:00,2025-07-31 11:00:00+00:00,1,0.1,0.00023312663212862676,0.09947678843226788,655452,105120
BTCUSDT,technical_only,6,2024-07-31 11:00:00+00:00,2025-07-31 11:00:00+00:00,1,0.5,0.0004972788588249778,0.49950532724505325,655452,105120
BTCUSDT,technical_only,6,2024-07-31 11:00:00+00:00,2025-07-31 11:00:00+00:00,1,0.9,0.00023180900130402232,0.8953386605783866,655452,105120
BTCUSDT,technical_only,6,2024-07-31 11:00:00+00:00,2025-07-31 11:00:00+00:00,2,0.1,0.00033310475183701514,0.10337709284627093,655452,105120
BTCUSDT,technical_only,6,2024-07-31 11:00:00+00:00,2025-07-31 11:00:00+00:00,2,0.5,0.0007040285055252408,0.4951864535768645,655452,105120
BTCUSDT,technical_only,6,2024-07-31 11:00:00+00:00,2025-07-31 11:00:00+00:00,2,0.9,0.00033047883795121665,0.8947583713850837,655452,105120
BTCUSDT,technical_only,6,2024-07-31 11:00:00+00:00,2025-07-31 11:00:00+00:00,3,0.1,0.00040872002979754757,0.10428082191780821,655452,105120
BTCUSDT,technical_only,6,2024-07-31 11:00:00+00:00,2025-07-31 11:00:00+00:00,3,0.5,0.0008549388344374027,0.4965372907153729,655452,105120
BTCUSDT,technical_only,6,2024-07-31 11:00:00+00:00,2025-07-31 11:00:00+00:00,3,0.9,0.0004051339336130791,0.8980022831050228,655452,105120
BTCUSDT,technical_only,6,2024-07-31 11:00:00+00:00,2025-07-31 11:00:00+00:00,4,0.1,0.00047501791491254454,0.1034627092846271,655452,105120
BTCUSDT,technical_only,6,2024-07-31 11:00:00+00:00,2025-07-31 11:00:00+00:00,4,0.5,0.000983802946842111,0.49648972602739727,655452,105120
BTCUSDT,technical_only,6,2024-07-31 11:00:00+00:00,2025-07-31 11:00:00+00:00,4,0.9,0.00047029050163795074,0.8960331050228311,655452,105120
BTCUSDT,technical_only,6,2024-07-31 11:00:00+00:00,2025-07-31 11:00:00+00:00,5,0.1,0.0005337958352197696,0.10624048706240487,655452,105120
BTCUSDT,technical_only,6,2024-07-31 11:00:00+00:00,2025-07-31 11:00:00+00:00,5,0.5,0.0010980768337406194,0.49191400304414,655452,105120
BTCUSDT,technical_only,6,2024-07-31 11:00:00+00:00,2025-07-31 11:00:00+00:00,5,0.9,0.0005277578095592841,0.8960140791476408,655452,105120
BTCUSDT,technical_only,6,2024-07-31 11:00:00+00:00,2025-07-31 11:00:00+00:00,6,0.1,0.0005884409654783331,0.10315829528158295,655452,105120
BTCUSDT,technical_only,6,2024-07-31 11:00:00+00:00,2025-07-31 11:00:00+00:00,6,0.5,0.0012005600698794122,0.4887747336377473,655452,105120
BTCUSDT,technical_only,6,2024-07-31 11:00:00+00:00,2025-07-31 11:00:00+00:00,6,0.9,0.0005815775369968506,0.8967085235920852,655452,105120
BTCUSDT,technical_only,6,2024-07-31 11:00:00+00:00,2025-07-31 11:00:00+00:00,7,0.1,0.000638987337049499,0.1065734398782344,655452,105120
BTCUSDT,technical_only,6,2024-07-31 11:00:00+00:00,2025-07-31 11:00:00+00:00,7,0.5,0.0012944999856040857,0.48836567732115677,655452,105120
BTCUSDT,technical_only,6,2024-07-31 11:00:00+00:00,2025-07-31 11:00:00+00:00,7,0.9,0.0006283782549883378,0.8969939117199391,655452,105120
BTCUSDT,technical_only,6,2024-07-31 11:00:00+00:00,2025-07-31 11:00:00+00:00,8,0.1,0.0006863157919360556,0.10517503805175038,655452,105120
BTCUSDT,technical_only,6,2024-07-31 11:00:00+00:00,2025-07-31 11:00:00+00:00,8,0.5,0.0013808473934091544,0.49094368340943684,655452,105120
BTCUSDT,technical_only,6,2024-07-31 11:00:00+00:00,2025-07-31 11:00:00+00:00,8,0.9,0.000670992894059807,0.8966704718417047,655452,105120
BTCUSDT,technical_only,6,2024-07-31 11:00:00+00:00,2025-07-31 11:00:00+00:00,9,0.1,0.0007298098418012579,0.10522260273972603,655452,105120
BTCUSDT,technical_only,6,2024-07-31 11:00:00+00:00,2025-07-31 11:00:00+00:00,9,0.5,0.0014627713185623027,0.4921898782343988,655452,105120
BTCUSDT,technical_only,6,2024-07-31 11:00:00+00:00,2025-07-31 11:00:00+00:00,9,0.9,0.0007118398545589428,0.8973744292237443,655452,105120
BTCUSDT,technical_only,6,2024-07-31 11:00:00+00:00,2025-07-31 11:00:00+00:00,10,0.1,0.0007725849736082632,0.10621194824961948,655452,105120
BTCUSDT,technical_only,6,2024-07-31 11:00:00+00:00,2025-07-31 11:00:00+00:00,10,0.5,0.0015401800024963017,0.49194254185692543,655452,105120
BTCUSDT,technical_only,6,2024-07-31 11:00:00+00:00,2025-07-31 11:00:00+00:00,10,0.9,0.0007513302997659889,0.896404109589041,655452,105120
BTCUSDT,technical_only,6,2024-07-31 11:00:00+00:00,2025-07-31 11:00:00+00:00,11,0.1,0.0008145531432733623,0.1076388888888889,655452,105120
BTCUSDT,technical_only,6,2024-07-31 11:00:00+00:00,2025-07-31 11:00:00+00:00,11,0.5,0.0016126754349073255,0.4910958904109589,655452,105120
BTCUSDT,technical_only,6,2024-07-31 11:00:00+00:00,2025-07-31 11:00:00+00:00,11,0.9,0.0007863902990995306,0.8985445205479452,655452,105120
BTCUSDT,technical_only,6,2024-07-31 11:00:00+00:00,2025-07-31 11:00:00+00:00,12,0.1,0.000850704303861333,0.10382420091324202,655452,105120
BTCUSDT,technical_only,6,2024-07-31 11:00:00+00:00,2025-07-31 11:00:00+00:00,12,0.5,0.0016829784985822,0.49017313546423136,655452,105120
BTCUSDT,technical_only,6,2024-07-31 11:00:00+00:00,2025-07-31 11:00:00+00:00,12,0.9,0.0008222307749545663,0.898087899543379,655452,105120
BTCUSDT,with_event_and_magnitude,6,2024-07-31 11:00:00+00:00,2025-07-31 11:00:00+00:00,1,0.1,0.00023304966068821064,0.09987633181126332,655452,105120
BTCUSDT,with_event_and_magnitude,6,2024-07-31 11:00:00+00:00,2025-07-31 11:00:00+00:00,1,0.5,0.0004972680215017427,0.4983257229832572,655452,105120
BTCUSDT,with_event_and_magnitude,6,2024-07-31 11:00:00+00:00,2025-07-31 11:00:00+00:00,1,0.9,0.0002317475972104891,0.8947678843226788,655452,105120
BTCUSDT,with_event_and_magnitude,6,2024-07-31 11:00:00+00:00,2025-07-31 11:00:00+00:00,2,0.1,0.0003330674901048226,0.10154109589041097,655452,105120
BTCUSDT,with_event_and_magnitude,6,2024-07-31 11:00:00+00:00,2025-07-31 11:00:00+00:00,2,0.5,0.0007039836682424554,0.49677511415525116,655452,105120
BTCUSDT,with_event_and_magnitude,6,2024-07-31 11:00:00+00:00,2025-07-31 11:00:00+00:00,2,0.9,0.0003303327277638938,0.8946727549467276,655452,105120
BTCUSDT,with_event_and_magnitude,6,2024-07-31 11:00:00+00:00,2025-07-31 11:00:00+00:00,3,0.1,0.00040934953746803957,0.10174086757990868,655452,105120
BTCUSDT,with_event_and_magnitude,6,2024-07-31 11:00:00+00:00,2025-07-31 11:00:00+00:00,3,0.5,0.0008551193676576231,0.4960140791476408,655452,105120
BTCUSDT,with_event_and_magnitude,6,2024-07-31 11:00:00+00:00,2025-07-31 11:00:00+00:00,3,0.9,0.0004054423576699869,0.8984779299847793,655452,105120
BTCUSDT,with_event_and_magnitude,6,2024-07-31 11:00:00+00:00,2025-07-31 11:00:00+00:00,4,0.1,0.00047514872220998474,0.10492770167427702,655452,105120
BTCUSDT,with_event_and_magnitude,6,2024-07-31 11:00:00+00:00,2025-07-31 11:00:00+00:00,4,0.5,0.0009836803054787708,0.4938451293759513,655452,105120
BTCUSDT,with_event_and_magnitude,6,2024-07-31 11:00:00+00:00,2025-07-31 11:00:00+00:00,4,0.9,0.00047044813801352107,0.893968797564688,655452,105120
BTCUSDT,with_event_and_magnitude,6,2024-07-31 11:00:00+00:00,2025-07-31 11:00:00+00:00,5,0.1,0.0005336028801842705,0.10457572298325724,655452,105120
BTCUSDT,with_event_and_magnitude,6,2024-07-31 11:00:00+00:00,2025-07-31 11:00:00+00:00,5,0.5,0.0010984786090234109,0.4892503805175038,655452,105120
BTCUSDT,with_event_and_magnitude,6,2024-07-31 11:00:00+00:00,2025-07-31 11:00:00+00:00,5,0.9,0.0005270813113032067,0.8985920852359208,655452,105120
BTCUSDT,with_event_and_magnitude,6,2024-07-31 11:00:00+00:00,2025-07-31 11:00:00+00:00,6,0.1,0.000587515820638055,0.1053082191780822,655452,105120
BTCUSDT,with_event_and_magnitude,6,2024-07-31 11:00:00+00:00,2025-07-31 11:00:00+00:00,6,0.5,0.0012012704649367637,0.4873477929984779,655452,105120
BTCUSDT,with_event_and_magnitude,6,2024-07-31 11:00:00+00:00,2025-07-31 11:00:00+00:00,6,0.9,0.0005807342282822533,0.8955764840182648,655452,105120
BTCUSDT,with_event_and_magnitude,6,2024-07-31 11:00:00+00:00,2025-07-31 11:00:00+00:00,7,0.1,0.0006393758623657171,0.1063451293759513,655452,105120
BTCUSDT,with_event_and_magnitude,6,2024-07-31 11:00:00+00:00,2025-07-31 11:00:00+00:00,7,0.5,0.001294481833659558,0.48961187214611873,655452,105120
BTCUSDT,with_event_and_magnitude,6,2024-07-31 11:00:00+00:00,2025-07-31 11:00:00+00:00,7,0.9,0.0006290792224399447,0.8965182648401826,655452,105120
BTCUSDT,with_event_and_magnitude,6,2024-07-31 11:00:00+00:00,2025-07-31 11:00:00+00:00,8,0.1,0.000686204664858631,0.10494672754946728,655452,105120
BTCUSDT,with_event_and_magnitude,6,2024-07-31 11:00:00+00:00,2025-07-31 11:00:00+00:00,8,0.5,0.001381152142147105,0.49104832572298324,655452,105120
BTCUSDT,with_event_and_magnitude,6,2024-07-31 11:00:00+00:00,2025-07-31 11:00:00+00:00,8,0.9,0.0006713021560362961,0.8969939117199391,655452,105120
BTCUSDT,with_event_and_magnitude,6,2024-07-31 11:00:00+00:00,2025-07-31 11:00:00+00:00,9,0.1,0.0007328756487677317,0.10697298325722983,655452,105120
BTCUSDT,with_event_and_magnitude,6,2024-07-31 11:00:00+00:00,2025-07-31 11:00:00+00:00,9,0.5,0.0014625292853867036,0.49084855403348554,655452,105120
BTCUSDT,with_event_and_magnitude,6,2024-07-31 11:00:00+00:00,2025-07-31 11:00:00+00:00,9,0.9,0.0007110491070278091,0.8965087519025875,655452,105120
BTCUSDT,with_event_and_magnitude,6,2024-07-31 11:00:00+00:00,2025-07-31 11:00:00+00:00,10,0.1,0.0007742267139609445,0.10647831050228311,655452,105120
BTCUSDT,with_event_and_magnitude,6,2024-07-31 11:00:00+00:00,2025-07-31 11:00:00+00:00,10,0.5,0.0015407529811423595,0.4890886605783866,655452,105120
BTCUSDT,with_event_and_magnitude,6,2024-07-31 11:00:00+00:00,2025-07-31 11:00:00+00:00,10,0.9,0.0007517147355625936,0.8937975646879757,655452,105120
BTCUSDT,with_event_and_magnitude,6,2024-07-31 11:00:00+00:00,2025-07-31 11:00:00+00:00,11,0.1,0.0008136580338546301,0.10596461187214612,655452,105120
BTCUSDT,with_event_and_magnitude,6,2024-07-31 11:00:00+00:00,2025-07-31 11:00:00+00:00,11,0.5,0.0016120707741352986,0.4926274733637747,655452,105120
BTCUSDT,with_event_and_magnitude,6,2024-07-31 11:00:00+00:00,2025-07-31 11:00:00+00:00,11,0.9,0.0007855980971860103,0.8985064687975647,655452,105120
BTCUSDT,with_event_and_magnitude,6,2024-07-31 11:00:00+00:00,2025-07-31 11:00:00+00:00,12,0.1,0.0008531487424373148,0.10578386605783865,655452,105120
BTCUSDT,with_event_and_magnitude,6,2024-07-31 11:00:00+00:00,2025-07-31 11:00:00+00:00,12,0.5,0.001682372870733211,0.4904870624048706,655452,105120
BTCUSDT,with_event_and_magnitude,6,2024-07-31 11:00:00+00:00,2025-07-31 11:00:00+00:00,12,0.9,0.0008204182545409242,0.8997716894977169,655452,105120
BTCUSDT,technical_only,7,2025-07-31 11:00:00+00:00,2026-07-31 11:00:00+00:00,1,0.1,0.0002116913003701368,0.10138888888888889,760572,105120
BTCUSDT,technical_only,7,2025-07-31 11:00:00+00:00,2026-07-31 11:00:00+00:00,1,0.5,0.00043769720913483317,0.5018169710806697,760572,105120
BTCUSDT,technical_only,7,2025-07-31 11:00:00+00:00,2026-07-31 11:00:00+00:00,1,0.9,0.00021284310649201106,0.9007039573820396,760572,105120
BTCUSDT,technical_only,7,2025-07-31 11:00:00+00:00,2026-07-31 11:00:00+00:00,2,0.1,0.00030131307791744923,0.1019786910197869,760572,105120
BTCUSDT,technical_only,7,2025-07-31 11:00:00+00:00,2026-07-31 11:00:00+00:00,2,0.5,0.0006228959813055141,0.5039954337899544,760572,105120
BTCUSDT,technical_only,7,2025-07-31 11:00:00+00:00,2026-07-31 11:00:00+00:00,2,0.9,0.0003001963043121722,0.9031773211567732,760572,105120
BTCUSDT,technical_only,7,2025-07-31 11:00:00+00:00,2026-07-31 11:00:00+00:00,3,0.1,0.00037179098919868487,0.10415715372907154,760572,105120
BTCUSDT,technical_only,7,2025-07-31 11:00:00+00:00,2026-07-31 11:00:00+00:00,3,0.5,0.0007606619309035408,0.505584094368341,760572,105120
BTCUSDT,technical_only,7,2025-07-31 11:00:00+00:00,2026-07-31 11:00:00+00:00,3,0.9,0.0003677150227614322,0.9013508371385084,760572,105120
BTCUSDT,technical_only,7,2025-07-31 11:00:00+00:00,2026-07-31 11:00:00+00:00,4,0.1,0.00043143765605529766,0.10652587519025875,760572,105120
BTCUSDT,technical_only,7,2025-07-31 11:00:00+00:00,2026-07-31 11:00:00+00:00,4,0.5,0.0008780157413785295,0.5043854642313547,760572,105120
BTCUSDT,technical_only,7,2025-07-31 11:00:00+00:00,2026-07-31 11:00:00+00:00,4,0.9,0.00042390645614422763,0.901103500761035,760572,105120
BTCUSDT,technical_only,7,2025-07-31 11:00:00+00:00,2026-07-31 11:00:00+00:00,5,0.1,0.00048401480866053605,0.107867199391172,760572,105120
BTCUSDT,technical_only,7,2025-07-31 11:00:00+00:00,2026-07-31 11:00:00+00:00,5,0.5,0.0009806880496704066,0.5043093607305936,760572,105120
BTCUSDT,technical_only,7,2025-07-31 11:00:00+00:00,2026-07-31 11:00:00+00:00,5,0.9,0.0004723095665887519,0.9036624809741248,760572,105120
BTCUSDT,technical_only,7,2025-07-31 11:00:00+00:00,2026-07-31 11:00:00+00:00,6,0.1,0.0005332135853742335,0.11048325722983257,760572,105120
BTCUSDT,technical_only,7,2025-07-31 11:00:00+00:00,2026-07-31 11:00:00+00:00,6,0.5,0.0010739349336720834,0.5041381278538812,760572,105120
BTCUSDT,technical_only,7,2025-07-31 11:00:00+00:00,2026-07-31 11:00:00+00:00,6,0.9,0.000517145603093805,0.9001617199391172,760572,105120
BTCUSDT,technical_only,7,2025-07-31 11:00:00+00:00,2026-07-31 11:00:00+00:00,7,0.1,0.0005774693560704988,0.10757229832572299,760572,105120
BTCUSDT,technical_only,7,2025-07-31 11:00:00+00:00,2026-07-31 11:00:00+00:00,7,0.5,0.001158057489616309,0.5056887366818874,760572,105120
BTCUSDT,technical_only,7,2025-07-31 11:00:00+00:00,2026-07-31 11:00:00+00:00,7,0.9,0.000558590220100092,0.9009512937595129,760572,105120
BTCUSDT,technical_only,7,2025-07-31 11:00:00+00:00,2026-07-31 11:00:00+00:00,8,0.1,0.0006196695222817313,0.10697298325722983,760572,105120
BTCUSDT,technical_only,7,2025-07-31 11:00:00+00:00,2026-07-31 11:00:00+00:00,8,0.5,0.0012359398475359372,0.508533105022831,760572,105120
BTCUSDT,technical_only,7,2025-07-31 11:00:00+00:00,2026-07-31 11:00:00+00:00,8,0.9,0.000597859872780099,0.8975456621004566,760572,105120
BTCUSDT,technical_only,7,2025-07-31 11:00:00+00:00,2026-07-31 11:00:00+00:00,9,0.1,0.0006584004490645909,0.10957952815829528,760572,105120
BTCUSDT,technical_only,7,2025-07-31 11:00:00+00:00,2026-07-31 11:00:00+00:00,9,0.5,0.0013101997626572969,0.508818493150685,760572,105120
BTCUSDT,technical_only,7,2025-07-31 11:00:00+00:00,2026-07-31 11:00:00+00:00,9,0.9,0.0006341712695638758,0.8998953576864536,760572,105120
BTCUSDT,technical_only,7,2025-07-31 11:00:00+00:00,2026-07-31 11:00:00+00:00,10,0.1,0.0006947606885747405,0.107867199391172,760572,105120
BTCUSDT,technical_only,7,2025-07-31 11:00:00+00:00,2026-07-31 11:00:00+00:00,10,0.5,0.0013818061622699824,0.5096651445966515,760572,105120
BTCUSDT,technical_only,7,2025-07-31 11:00:00+00:00,2026-07-31 11:00:00+00:00,10,0.9,0.000669364279159115,0.8951769406392694,760572,105120
BTCUSDT,technical_only,7,2025-07-31 11:00:00+00:00,2026-07-31 11:00:00+00:00,11,0.1,0.0007304341950399449,0.10710616438356164,760572,105120
BTCUSDT,technical_only,7,2025-07-31 11:00:00+00:00,2026-07-31 11:00:00+00:00,11,0.5,0.0014498628178442018,0.508228691019787,760572,105120
BTCUSDT,technical_only,7,2025-07-31 11:00:00+00:00,2026-07-31 11:00:00+00:00,11,0.9,0.0007031105691149952,0.8972697869101979,760572,105120
BTCUSDT,technical_only,7,2025-07-31 11:00:00+00:00,2026-07-31 11:00:00+00:00,12,0.1,0.0007644508850541389,0.1091609589041096,760572,105120
BTCUSDT,technical_only,7,2025-07-31 11:00:00+00:00,2026-07-31 11:00:00+00:00,12,0.5,0.0015139963108996189,0.5109969558599695,760572,105120
BTCUSDT,technical_only,7,2025-07-31 11:00:00+00:00,2026-07-31 11:00:00+00:00,12,0.9,0.0007362011719738999,0.8959760273972602,760572,105120
BTCUSDT,with_event_and_magnitude,7,2025-07-31 11:00:00+00:00,2026-07-31 11:00:00+00:00,1,0.1,0.00021164890344753726,0.10092275494672755,760572,105120
BTCUSDT,with_event_and_magnitude,7,2025-07-31 11:00:00+00:00,2026-07-31 11:00:00+00:00,1,0.5,0.00043771287163484583,0.5018645357686453,760572,105120
BTCUSDT,with_event_and_magnitude,7,2025-07-31 11:00:00+00:00,2026-07-31 11:00:00+00:00,1,0.9,0.0002128615383166675,0.9004280821917808,760572,105120
BTCUSDT,with_event_and_magnitude,7,2025-07-31 11:00:00+00:00,2026-07-31 11:00:00+00:00,2,0.1,0.0003013616585947471,0.10233066971080669,760572,105120
BTCUSDT,with_event_and_magnitude,7,2025-07-31 11:00:00+00:00,2026-07-31 11:00:00+00:00,2,0.5,0.0006230311368211913,0.5042332572298326,760572,105120
BTCUSDT,with_event_and_magnitude,7,2025-07-31 11:00:00+00:00,2026-07-31 11:00:00+00:00,2,0.9,0.00030022087078830385,0.9024162861491629,760572,105120
BTCUSDT,with_event_and_magnitude,7,2025-07-31 11:00:00+00:00,2026-07-31 11:00:00+00:00,3,0.1,0.0003718464751130261,0.1048896499238965,760572,105120
BTCUSDT,with_event_and_magnitude,7,2025-07-31 11:00:00+00:00,2026-07-31 11:00:00+00:00,3,0.5,0.000760751040464601,0.5070776255707763,760572,105120
BTCUSDT,with_event_and_magnitude,7,2025-07-31 11:00:00+00:00,2026-07-31 11:00:00+00:00,3,0.9,0.00036800493747015707,0.901103500761035,760572,105120
BTCUSDT,with_event_and_magnitude,7,2025-07-31 11:00:00+00:00,2026-07-31 11:00:00+00:00,4,0.1,0.0004312327647625605,0.10688736681887367,760572,105120
BTCUSDT,with_event_and_magnitude,7,2025-07-31 11:00:00+00:00,2026-07-31 11:00:00+00:00,4,0.5,0.0008780172846949235,0.5032153729071537,760572,105120
BTCUSDT,with_event_and_magnitude,7,2025-07-31 11:00:00+00:00,2026-07-31 11:00:00+00:00,4,0.9,0.00042383000233350317,0.901255707762557,760572,105120
BTCUSDT,with_event_and_magnitude,7,2025-07-31 11:00:00+00:00,2026-07-31 11:00:00+00:00,5,0.1,0.0004839160731352521,0.10798135464231355,760572,105120
BTCUSDT,with_event_and_magnitude,7,2025-07-31 11:00:00+00:00,2026-07-31 11:00:00+00:00,5,0.5,0.000980985170365041,0.5050608828006088,760572,105120
BTCUSDT,with_event_and_magnitude,7,2025-07-31 11:00:00+00:00,2026-07-31 11:00:00+00:00,5,0.9,0.0004717896400504246,0.9006754185692541,760572,105120
BTCUSDT,with_event_and_magnitude,7,2025-07-31 11:00:00+00:00,2026-07-31 11:00:00+00:00,6,0.1,0.000532668436339801,0.11035007610350075,760572,105120
BTCUSDT,with_event_and_magnitude,7,2025-07-31 11:00:00+00:00,2026-07-31 11:00:00+00:00,6,0.5,0.0010736962467123102,0.502283105022831,760572,105120
BTCUSDT,with_event_and_magnitude,7,2025-07-31 11:00:00+00:00,2026-07-31 11:00:00+00:00,6,0.9,0.0005161851928546235,0.9002568493150684,760572,105120
BTCUSDT,with_event_and_magnitude,7,2025-07-31 11:00:00+00:00,2026-07-31 11:00:00+00:00,7,0.1,0.0005781209726762236,0.10904680365296804,760572,105120
BTCUSDT,with_event_and_magnitude,7,2025-07-31 11:00:00+00:00,2026-07-31 11:00:00+00:00,7,0.5,0.0011582719622864825,0.5062975646879756,760572,105120
BTCUSDT,with_event_and_magnitude,7,2025-07-31 11:00:00+00:00,2026-07-31 11:00:00+00:00,7,0.9,0.0005594161433123201,0.8970509893455099,760572,105120
BTCUSDT,with_event_and_magnitude,7,2025-07-31 11:00:00+00:00,2026-07-31 11:00:00+00:00,8,0.1,0.0006193251705409994,0.10857115677321157,760572,105120
BTCUSDT,with_event_and_magnitude,7,2025-07-31 11:00:00+00:00,2026-07-31 11:00:00+00:00,8,0.5,0.001236364997760754,0.507572298325723,760572,105120
BTCUSDT,with_event_and_magnitude,7,2025-07-31 11:00:00+00:00,2026-07-31 11:00:00+00:00,8,0.9,0.000597843561735264,0.89742199391172,760572,105120
BTCUSDT,with_event_and_magnitude,7,2025-07-31 11:00:00+00:00,2026-07-31 11:00:00+00:00,9,0.1,0.0006584978997527891,0.11025494672754947,760572,105120
BTCUSDT,with_event_and_magnitude,7,2025-07-31 11:00:00+00:00,2026-07-31 11:00:00+00:00,9,0.5,0.0013107752476258503,0.5056506849315069,760572,105120
BTCUSDT,with_event_and_magnitude,7,2025-07-31 11:00:00+00:00,2026-07-31 11:00:00+00:00,9,0.9,0.000633699851220516,0.8973173515981735,760572,105120
BTCUSDT,with_event_and_magnitude,7,2025-07-31 11:00:00+00:00,2026-07-31 11:00:00+00:00,10,0.1,0.0006943138226117647,0.10795281582952816,760572,105120
BTCUSDT,with_event_and_magnitude,7,2025-07-31 11:00:00+00:00,2026-07-31 11:00:00+00:00,10,0.5,0.0013817631392591355,0.5102644596651446,760572,105120
BTCUSDT,with_event_and_magnitude,7,2025-07-31 11:00:00+00:00,2026-07-31 11:00:00+00:00,10,0.9,0.0006699888809367768,0.8972888127853881,760572,105120
BTCUSDT,with_event_and_magnitude,7,2025-07-31 11:00:00+00:00,2026-07-31 11:00:00+00:00,11,0.1,0.0007316137284620588,0.1086472602739726,760572,105120
BTCUSDT,with_event_and_magnitude,7,2025-07-31 11:00:00+00:00,2026-07-31 11:00:00+00:00,11,0.5,0.0014506948475604814,0.5083428462709285,760572,105120
BTCUSDT,with_event_and_magnitude,7,2025-07-31 11:00:00+00:00,2026-07-31 11:00:00+00:00,11,0.9,0.0007035049423216934,0.8952340182648402,760572,105120
BTCUSDT,with_event_and_magnitude,7,2025-07-31 11:00:00+00:00,2026-07-31 11:00:00+00:00,12,0.1,0.0007636900224941369,0.10859018264840183,760572,105120
BTCUSDT,with_event_and_magnitude,7,2025-07-31 11:00:00+00:00,2026-07-31 11:00:00+00:00,12,0.5,0.0015160728768576044,0.5085996955859969,760572,105120
BTCUSDT,with_event_and_magnitude,7,2025-07-31 11:00:00+00:00,2026-07-31 11:00:00+00:00,12,0.9,0.0007354550042844423,0.8970700152207002,760572,105120
BTCUSDT,technical_only,8,2026-07-31 11:00:00+00:00,2027-07-31 11:00:00+00:00,1,0.1,0.0001157406996246926,0.10880829015544041,865692,386
BTCUSDT,technical_only,8,2026-07-31 11:00:00+00:00,2027-07-31 11:00:00+00:00,1,0.5,0.00020730224033567194,0.5025906735751295,865692,386
BTCUSDT,technical_only,8,2026-07-31 11:00:00+00:00,2027-07-31 11:00:00+00:00,1,0.9,9.230854323747098e-05,0.9352331606217616,865692,386
BTCUSDT,technical_only,8,2026-07-31 11:00:00+00:00,2027-07-31 11:00:00+00:00,2,0.1,0.00017287970520653056,0.12987012987012986,865692,385
BTCUSDT,technical_only,8,2026-07-31 11:00:00+00:00,2027-07-31 11:00:00+00:00,2,0.5,0.00031556318635941996,0.5272727272727272,865692,385
BTCUSDT,technical_only,8,2026-07-31 11:00:00+00:00,2027-07-31 11:00:00+00:00,2,0.9,0.00013686321816100148,0.935064935064935,865692,385
BTCUSDT,technical_only,8,2026-07-31 11:00:00+00:00,2027-07-31 11:00:00+00:00,3,0.1,0.00023914291294145333,0.1328125,865692,384
BTCUSDT,technical_only,8,2026-07-31 11:00:00+00:00,2027-07-31 11:00:00+00:00,3,0.5,0.00039884686821114204,0.5286458333333334,865692,384
BTCUSDT,technical_only,8,2026-07-31 11:00:00+00:00,2027-07-31 11:00:00+00:00,3,0.9,0.00016540019541928222,0.9401041666666666,865692,384
BTCUSDT,technical_only,8,2026-07-31 11:00:00+00:00,2027-07-31 11:00:00+00:00,4,0.1,0.00028684599900756426,0.1462140992167102,865692,383
BTCUSDT,technical_only,8,2026-07-31 11:00:00+00:00,2027-07-31 11:00:00+00:00,4,0.5,0.0004719286304697994,0.5274151436031331,865692,383
BTCUSDT,technical_only,8,2026-07-31 11:00:00+00:00,2027-07-31 11:00:00+00:00,4,0.9,0.00019517907062109824,0.9373368146214099,865692,383
BTCUSDT,technical_only,8,2026-07-31 11:00:00+00:00,2027-07-31 11:00:00+00:00,5,0.1,0.0003473596975474078,0.14397905759162305,865692,382
BTCUSDT,technical_only,8,2026-07-31 11:00:00+00:00,2027-07-31 11:00:00+00:00,5,0.5,0.0005374255915468486,0.5418848167539267,865692,382
BTCUSDT,technical_only,8,2026-07-31 11:00:00+00:00,2027-07-31 11:00:00+00:00,5,0.9,0.0002184585791069109,0.9476439790575916,865692,382
BTCUSDT,technical_only,8,2026-07-31 11:00:00+00:00,2027-07-31 11:00:00+00:00,6,0.1,0.0004050607332646021,0.16010498687664043,865692,381
BTCUSDT,technical_only,8,2026-07-31 11:00:00+00:00,2027-07-31 11:00:00+00:00,6,0.5,0.0005964899934303058,0.5485564304461942,865692,381
BTCUSDT,technical_only,8,2026-07-31 11:00:00+00:00,2027-07-31 11:00:00+00:00,6,0.9,0.0002438812934880444,0.9448818897637795,865692,381
BTCUSDT,technical_only,8,2026-07-31 11:00:00+00:00,2027-07-31 11:00:00+00:00,7,0.1,0.0004545136884458424,0.16578947368421051,865692,380
BTCUSDT,technical_only,8,2026-07-31 11:00:00+00:00,2027-07-31 11:00:00+00:00,7,0.5,0.0006565466122205516,0.5473684210526316,865692,380
BTCUSDT,technical_only,8,2026-07-31 11:00:00+00:00,2027-07-31 11:00:00+00:00,7,0.9,0.00027119725585415935,0.9526315789473684,865692,380
BTCUSDT,technical_only,8,2026-07-31 11:00:00+00:00,2027-07-31 11:00:00+00:00,8,0.1,0.0004944160485428445,0.16886543535620052,865692,379
BTCUSDT,technical_only,8,2026-07-31 11:00:00+00:00,2027-07-31 11:00:00+00:00,8,0.5,0.000703704969208525,0.5593667546174143,865692,379
BTCUSDT,technical_only,8,2026-07-31 11:00:00+00:00,2027-07-31 11:00:00+00:00,8,0.9,0.0002996153305107434,0.9525065963060686,865692,379
BTCUSDT,technical_only,8,2026-07-31 11:00:00+00:00,2027-07-31 11:00:00+00:00,9,0.1,0.0005506677125859129,0.17989417989417988,865692,378
BTCUSDT,technical_only,8,2026-07-31 11:00:00+00:00,2027-07-31 11:00:00+00:00,9,0.5,0.0007484185790894363,0.5714285714285714,865692,378
BTCUSDT,technical_only,8,2026-07-31 11:00:00+00:00,2027-07-31 11:00:00+00:00,9,0.9,0.0003092869551864857,0.9470899470899471,865692,378
BTCUSDT,technical_only,8,2026-07-31 11:00:00+00:00,2027-07-31 11:00:00+00:00,10,0.1,0.0005837368324651043,0.16976127320954906,865692,377
BTCUSDT,technical_only,8,2026-07-31 11:00:00+00:00,2027-07-31 11:00:00+00:00,10,0.5,0.0007886580941598372,0.5702917771883289,865692,377
BTCUSDT,technical_only,8,2026-07-31 11:00:00+00:00,2027-07-31 11:00:00+00:00,10,0.9,0.00033318889349721404,0.9442970822281167,865692,377
BTCUSDT,technical_only,8,2026-07-31 11:00:00+00:00,2027-07-31 11:00:00+00:00,11,0.1,0.0006435671300806237,0.18617021276595744,865692,376
BTCUSDT,technical_only,8,2026-07-31 11:00:00+00:00,2027-07-31 11:00:00+00:00,11,0.5,0.0008390230021190658,0.5930851063829787,865692,376
BTCUSDT,technical_only,8,2026-07-31 11:00:00+00:00,2027-07-31 11:00:00+00:00,11,0.9,0.00035928472943358094,0.9335106382978723,865692,376
BTCUSDT,technical_only,8,2026-07-31 11:00:00+00:00,2027-07-31 11:00:00+00:00,12,0.1,0.0007117198926531061,0.18666666666666668,865692,375
BTCUSDT,technical_only,8,2026-07-31 11:00:00+00:00,2027-07-31 11:00:00+00:00,12,0.5,0.0008793958208279119,0.608,865692,375
BTCUSDT,technical_only,8,2026-07-31 11:00:00+00:00,2027-07-31 11:00:00+00:00,12,0.9,0.00036933282271538117,0.9413333333333334,865692,375
BTCUSDT,with_event_and_magnitude,8,2026-07-31 11:00:00+00:00,2027-07-31 11:00:00+00:00,1,0.1,0.00011581016728439675,0.10621761658031088,865692,386
BTCUSDT,with_event_and_magnitude,8,2026-07-31 11:00:00+00:00,2027-07-31 11:00:00+00:00,1,0.5,0.0002072700596293457,0.49222797927461137,865692,386
BTCUSDT,with_event_and_magnitude,8,2026-07-31 11:00:00+00:00,2027-07-31 11:00:00+00:00,1,0.9,9.294787255031949e-05,0.9378238341968912,865692,386
BTCUSDT,with_event_and_magnitude,8,2026-07-31 11:00:00+00:00,2027-07-31 11:00:00+00:00,2,0.1,0.00017220391419932364,0.12467532467532468,865692,385
BTCUSDT,with_event_and_magnitude,8,2026-07-31 11:00:00+00:00,2027-07-31 11:00:00+00:00,2,0.5,0.0003162224742987793,0.5168831168831168,865692,385
BTCUSDT,with_event_and_magnitude,8,2026-07-31 11:00:00+00:00,2027-07-31 11:00:00+00:00,2,0.9,0.00013651385136914093,0.935064935064935,865692,385
BTCUSDT,with_event_and_magnitude,8,2026-07-31 11:00:00+00:00,2027-07-31 11:00:00+00:00,3,0.1,0.00024176499428594776,0.140625,865692,384
BTCUSDT,with_event_and_magnitude,8,2026-07-31 11:00:00+00:00,2027-07-31 11:00:00+00:00,3,0.5,0.0003988651512439727,0.53125,865692,384
BTCUSDT,with_event_and_magnitude,8,2026-07-31 11:00:00+00:00,2027-07-31 11:00:00+00:00,3,0.9,0.00016703530288434917,0.9427083333333334,865692,384
BTCUSDT,with_event_and_magnitude,8,2026-07-31 11:00:00+00:00,2027-07-31 11:00:00+00:00,4,0.1,0.00028689134984615785,0.1409921671018277,865692,383
BTCUSDT,with_event_and_magnitude,8,2026-07-31 11:00:00+00:00,2027-07-31 11:00:00+00:00,4,0.5,0.00047267136311497,0.5274151436031331,865692,383
BTCUSDT,with_event_and_magnitude,8,2026-07-31 11:00:00+00:00,2027-07-31 11:00:00+00:00,4,0.9,0.00019365836366892322,0.9399477806788512,865692,383
BTCUSDT,with_event_and_magnitude,8,2026-07-31 11:00:00+00:00,2027-07-31 11:00:00+00:00,5,0.1,0.0003409227211258769,0.15706806282722513,865692,382
BTCUSDT,with_event_and_magnitude,8,2026-07-31 11:00:00+00:00,2027-07-31 11:00:00+00:00,5,0.5,0.0005363467304858816,0.5445026178010471,865692,382
BTCUSDT,with_event_and_magnitude,8,2026-07-31 11:00:00+00:00,2027-07-31 11:00:00+00:00,5,0.9,0.00021934441016616346,0.9502617801047121,865692,382
BTCUSDT,with_event_and_magnitude,8,2026-07-31 11:00:00+00:00,2027-07-31 11:00:00+00:00,6,0.1,0.0004072609903202307,0.15748031496062992,865692,381
BTCUSDT,with_event_and_magnitude,8,2026-07-31 11:00:00+00:00,2027-07-31 11:00:00+00:00,6,0.5,0.0005917940665316488,0.5511811023622047,865692,381
BTCUSDT,with_event_and_magnitude,8,2026-07-31 11:00:00+00:00,2027-07-31 11:00:00+00:00,6,0.9,0.00024441460825432026,0.9396325459317585,865692,381
BTCUSDT,with_event_and_magnitude,8,2026-07-31 11:00:00+00:00,2027-07-31 11:00:00+00:00,7,0.1,0.0004475468472109442,0.16052631578947368,865692,380
BTCUSDT,with_event_and_magnitude,8,2026-07-31 11:00:00+00:00,2027-07-31 11:00:00+00:00,7,0.5,0.0006493000482275316,0.5473684210526316,865692,380
BTCUSDT,with_event_and_magnitude,8,2026-07-31 11:00:00+00:00,2027-07-31 11:00:00+00:00,7,0.9,0.000271066404752428,0.9552631578947368,865692,380
BTCUSDT,with_event_and_magnitude,8,2026-07-31 11:00:00+00:00,2027-07-31 11:00:00+00:00,8,0.1,0.0005047902671195176,0.17150395778364116,865692,379
BTCUSDT,with_event_and_magnitude,8,2026-07-31 11:00:00+00:00,2027-07-31 11:00:00+00:00,8,0.5,0.0007095944221405831,0.5620052770448549,865692,379
BTCUSDT,with_event_and_magnitude,8,2026-07-31 11:00:00+00:00,2027-07-31 11:00:00+00:00,8,0.9,0.00029327732327758227,0.9551451187335093,865692,379
BTCUSDT,with_event_and_magnitude,8,2026-07-31 11:00:00+00:00,2027-07-31 11:00:00+00:00,9,0.1,0.0005312169890491438,0.1746031746031746,865692,378
BTCUSDT,with_event_and_magnitude,8,2026-07-31 11:00:00+00:00,2027-07-31 11:00:00+00:00,9,0.5,0.0007475192158542619,0.5634920634920635,865692,378
BTCUSDT,with_event_and_magnitude,8,2026-07-31 11:00:00+00:00,2027-07-31 11:00:00+00:00,9,0.9,0.00030607689200446987,0.9444444444444444,865692,378
BTCUSDT,with_event_and_magnitude,8,2026-07-31 11:00:00+00:00,2027-07-31 11:00:00+00:00,10,0.1,0.0005626679671944154,0.17771883289124668,865692,377
BTCUSDT,with_event_and_magnitude,8,2026-07-31 11:00:00+00:00,2027-07-31 11:00:00+00:00,10,0.5,0.0007818799506443244,0.5941644562334217,865692,377
BTCUSDT,with_event_and_magnitude,8,2026-07-31 11:00:00+00:00,2027-07-31 11:00:00+00:00,10,0.9,0.00033139236019332267,0.946949602122016,865692,377
BTCUSDT,with_event_and_magnitude,8,2026-07-31 11:00:00+00:00,2027-07-31 11:00:00+00:00,11,0.1,0.0006028853325038451,0.17819148936170212,865692,376
BTCUSDT,with_event_and_magnitude,8,2026-07-31 11:00:00+00:00,2027-07-31 11:00:00+00:00,11,0.5,0.0008314058169985887,0.598404255319149,865692,376
BTCUSDT,with_event_and_magnitude,8,2026-07-31 11:00:00+00:00,2027-07-31 11:00:00+00:00,11,0.9,0.00035550718331444974,0.9281914893617021,865692,376
BTCUSDT,with_event_and_magnitude,8,2026-07-31 11:00:00+00:00,2027-07-31 11:00:00+00:00,12,0.1,0.0006409300104541491,0.16,865692,375
BTCUSDT,with_event_and_magnitude,8,2026-07-31 11:00:00+00:00,2027-07-31 11:00:00+00:00,12,0.5,0.0008769462818994227,0.624,865692,375
BTCUSDT,with_event_and_magnitude,8,2026-07-31 11:00:00+00:00,2027-07-31 11:00:00+00:00,12,0.9,0.0003782853266715846,0.952,865692,375
