category,count,mean,std
partnership,4974,0.004771230159882395,0.0051591882447693405
regulation,15578,0.004534199902706207,0.005651956632939382
listing,30570,0.004505270751348696,0.005328649490129577
adoption,15258,0.004472311745756609,0.006011737476976474
market_move,68036,0.0043736093392111,0.006517136683195086
product_launch,4772,0.004330416393570305,0.005003292874409822
other,40702,0.004283404174577113,0.005703311835841221
funding,9698,0.004271025966387696,0.004792381054017795
hack,5531,0.004266521139512819,0.005615224042739213
macro,11724,0.004214882637106291,0.005071590160859676
none,658916,0.003794526774997085,0.00528356737315809
