symbol,horizon,quantile,pinball_loss_technical_only,coverage_technical_only,pinball_loss_with_event_and_magnitude,coverage_with_event_and_magnitude,pinball_loss_delta
BTCUSDT,1,0.1,0.00028800350709225995,0.10132690131476393,0.0002880160757012975,0.1015910678396295,1.2568609037539279e-08
BTCUSDT,1,0.5,0.000588191553272936,0.5045283140107023,0.0005881787371146065,0.5041011258015728,-1.2816158329476829e-08
BTCUSDT,1,0.9,0.0002856301535239928,0.9041670484388591,0.000285566700675142,0.9042003667392926,-6.345284885082804e-08
BTCUSDT,2,0.1,0.0004136275776042976,0.10529835605190664,0.00041381413453572444,0.1044653747523368,1.865569314268671e-07
BTCUSDT,2,0.5,0.0008215810108233733,0.5062729441724033,0.0008217503105702353,0.5081269225505888,1.692997468620474e-07
BTCUSDT,2,0.9,0.0004036059214469696,0.9050068125970572,0.00040387382882442176,0.9055232610027905,2.6790737745217624e-07
BTCUSDT,3,0.1,0.0005111473708908346,0.10457902897786706,0.0005112306872887048,0.10398164532785295,8.33163978701491e-08
BTCUSDT,3,0.5,0.0009984237354687577,0.5107939609511014,0.0009981765193112734,0.5092041112371196,-2.472161574843673e-07
BTCUSDT,3,0.9,0.0004953573180084665,0.9035701408135604,0.000496088135636751,0.9040687538600861,7.308176282844149e-07
BTCUSDT,4,0.1,0.0005960824661858441,0.10528057007736458,0.0005961691897551492,0.10600173508015523,8.672356930511122e-08
BTCUSDT,4,0.5,0.0011504252813455268,0.5108870924554955,0.0011508497499084895,0.5102920718261302,4.244685629626894e-07
BTCUSDT,4,0.9,0.0005771729245132002,0.9053988601784824,0.000576513120228736,0.9052084535770856,-6.598042844641917e-07
BTCUSDT,5,0.1,0.0006723294926222717,0.10360795113075,0.0006725484814048519,0.10341753909099673,2.1898878258019058e-07
BTCUSDT,5,0.5,0.001282915992110928,0.514232704933933,0.0012837103173262972,0.5147337266135338,7.943252153690995e-07
BTCUSDT,5,0.9,0.0006477444268500191,0.905492554294208,0.0006473622174147813,0.9057353296448934,-3.822094352377587e-07
BTCUSDT,6,0.1,0.0007430410918411394,0.10376562464668632,0.000741727344125929,0.10563171593520569,-1.3137477152103507e-06
BTCUSDT,6,0.5,0.0014019410968877282,0.5134131261908531,0.0014035954425624835,0.5163634069971282,1.6543456747553347e-06
BTCUSDT,6,0.9,0.0007129888293991828,0.9054208285778551,0.0007136352581798255,0.9069322673128166,6.46428780642699e-07
BTCUSDT,7,0.1,0.0008043273589265357,0.10478259058477687,0.0008043413605051191,0.10710098960409885,1.4001578583404742e-08
BTCUSDT,7,0.5,0.0015091295913634351,0.5146060328360518,0.0015086831717771422,0.5145453355311311,-4.464195862928771e-07
BTCUSDT,7,0.9,0.0007728645760242397,0.9066011294459289,0.0007720786972129358,0.9063619106559474,-7.858788113038933e-07
BTCUSDT,8,0.1,0.0008669214143831069,0.10779078112521735,0.0008665820024430381,0.10763129737649234,-3.3941194006877843e-07
BTCUSDT,8,0.5,0.0016139401230890647,0.5177544688179517,0.0016131151291423355,0.516623800450125,-8.249939467291391e-07
BTCUSDT,8,0.9,0.0008331550396819909,0.9072375867490428,0.000831985658844423,0.9059331525057396,-1.169380837567945e-06
BTCUSDT,9,0.1,0.0009259151539639373,0.10598711953410372,0.0009194358580435189,0.10720946646401337,-6.479295920418476e-06
BTCUSDT,9,0.5,0.0017094264782759115,0.5171360661376575,0.0017088970039996433,0.5140308050469717,-5.294742762681961e-07
BTCUSDT,9,0.9,0.0008896486141054539,0.9090857154419195,0.0008825774993540558,0.9074908323980256,-7.071114751398149e-06
BTCUSDT,10,0.1,0.000985118984595552,0.10321806601814172,0.0009804250753626183,0.10778146621548437,-4.6939092329335765e-06
BTCUSDT,10,0.5,0.0018069236338649766,0.5203585494719477,0.0018066943406696069,0.5211595845091964,-2.2929319536970326e-07
BTCUSDT,10,0.9,0.0009352030185309676,0.9054266850599229,0.0009353295017342292,0.9050100992307445,1.2648320326161516e-07
BTCUSDT,11,0.1,0.0010449567315046857,0.1047100539315518,0.0010480845680200727,0.10552658548168815,3.1278365153870284e-06
BTCUSDT,11,0.5,0.0018979308985857101,0.5225361517558405,0.0018983768435808482,0.524969082497063,4.459449951380902e-07
BTCUSDT,11,0.9,0.000989957184520852,0.9079652295632032,0.0009868386001766186,0.9066987724650326,-3.118584344233462e-06
BTCUSDT,12,0.1,0.0010961043102421138,0.10637115156853526,0.0010943778954214214,0.10542485254994852,-1.7264148206924072e-06
BTCUSDT,12,0.5,0.0019812890628278686,0.5216012093582426,0.001981301423390904,0.5205751593531838,1.2360563035346966e-08
BTCUSDT,12,0.9,0.0010333914855152006,0.9087934389934711,0.00103376398277434,0.9082518464733995,3.7249725913946624e-07
