symbol,fold,test_start,n_train,horizon,mae,directional_accuracy,n_test
hl_30d,0,2018-08-02 11:00:00+00:00,25676,1,0.001275765907120886,0.5221548885813809,104785
hl_30d,0,2018-08-02 11:00:00+00:00,25676,2,0.0017744970688117815,0.5286695934338614,104780
hl_30d,0,2018-08-02 11:00:00+00:00,25676,3,0.0021476912790634305,0.534325936530661,104775
hl_30d,0,2018-08-02 11:00:00+00:00,25676,4,0.0024781458680789552,0.5359644936527632,104770
hl_30d,0,2018-08-02 11:00:00+00:00,25676,5,0.0027783775366834735,0.5369923161361142,104765
hl_30d,0,2018-08-02 11:00:00+00:00,25676,6,0.0030465037523383603,0.5389461626575028,104760
hl_30d,0,2018-08-02 11:00:00+00:00,25676,7,0.0032789151482108536,0.5383513913417021,104755
hl_30d,0,2018-08-02 11:00:00+00:00,25676,8,0.0035163181642795856,0.5429785202863961,104750
hl_30d,0,2018-08-02 11:00:00+00:00,25676,9,0.0037335812114999457,0.5426321065444651,104745
hl_30d,0,2018-08-02 11:00:00+00:00,25676,10,0.003926788492212214,0.5366526637387817,104740
hl_30d,0,2018-08-02 11:00:00+00:00,25676,11,0.00413950700418499,0.5329450517973934,104735
hl_30d,0,2018-08-02 11:00:00+00:00,25676,12,0.004334008803687089,0.5347942327890767,104730
hl_30d,1,2019-08-02 11:00:00+00:00,130466,1,0.0012555001387007467,0.5362504175215919,104785
hl_30d,1,2019-08-02 11:00:00+00:00,130466,2,0.0017273230845199494,0.5337717247105758,104777
hl_30d,1,2019-08-02 11:00:00+00:00,130466,3,0.0020972121791324578,0.5338792963567468,104769
hl_30d,1,2019-08-02 11:00:00+00:00,130466,4,0.002425153352623365,0.5355905346455265,104761
hl_30d,1,2019-08-02 11:00:00+00:00,130466,5,0.0026836515106636394,0.5408532452531193,104753
hl_30d,1,2019-08-02 11:00:00+00:00,130466,6,0.002982563144311326,0.5362642608239057,104745
hl_30d,1,2019-08-02 11:00:00+00:00,130466,7,0.0031814046825269925,0.5397901410198879,104737
hl_30d,1,2019-08-02 11:00:00+00:00,130466,8,0.0034240243325577113,0.5385423330691594,104729
hl_30d,1,2019-08-02 11:00:00+00:00,130466,9,0.003619955159517401,0.536654539204171,104721
hl_30d,1,2019-08-02 11:00:00+00:00,130466,10,0.003857052635122462,0.5351293535664149,104713
hl_30d,1,2019-08-02 11:00:00+00:00,130466,11,0.0040142660814706166,0.5344921445967241,104705
hl_30d,1,2019-08-02 11:00:00+00:00,130466,12,0.004258873590058324,0.5310371834914085,104697
hl_30d,2,2020-08-01 11:00:00+00:00,235259,1,0.0017854709144028357,0.532586732748761,104920
hl_30d,2,2020-08-01 11:00:00+00:00,235259,2,0.002478908034790401,0.5346429899059221,104913
hl_30d,2,2020-08-01 11:00:00+00:00,235259,3,0.0030165329395783016,0.5342211122338093,104906
hl_30d,2,2020-08-01 11:00:00+00:00,235259,4,0.0034984186379336,0.5327028856328468,104899
hl_30d,2,2020-08-01 11:00:00+00:00,235259,5,0.003893641478996381,0.5321759524081913,104892
hl_30d,2,2020-08-01 11:00:00+00:00,235259,6,0.00424063251847618,0.528350097726081,104885
hl_30d,2,2020-08-01 11:00:00+00:00,235259,7,0.004519890109593502,0.5230839642250996,104878
hl_30d,2,2020-08-01 11:00:00+00:00,235259,8,0.004899374770137172,0.5198577299730145,104871
hl_30d,2,2020-08-01 11:00:00+00:00,235259,9,0.005205908813492623,0.5225148764113519,104864
hl_30d,2,2020-08-01 11:00:00+00:00,235259,10,0.005551969703987271,0.5203467579656104,104857
hl_30d,2,2020-08-01 11:00:00+00:00,235259,11,0.005695288669026732,0.5196948020982356,104850
hl_30d,2,2020-08-01 11:00:00+00:00,235259,12,0.0059476120363277755,0.5199011855822515,104843
hl_30d,3,2021-08-01 11:00:00+00:00,340186,1,0.001451781288568101,0.5168221629855293,105040
hl_30d,3,2021-08-01 11:00:00+00:00,340186,2,0.0020453386688728784,0.51846950627392,105038
hl_30d,3,2021-08-01 11:00:00+00:00,340186,3,0.0024949544828499677,0.5170608172436117,105036
hl_30d,3,2021-08-01 11:00:00+00:00,340186,4,0.0028824137592826145,0.517756155149761,105034
hl_30d,3,2021-08-01 11:00:00+00:00,340186,5,0.0032517445561393308,0.5173756569426461,105032
hl_30d,3,2021-08-01 11:00:00+00:00,340186,6,0.0035901707624633582,0.5159097400742645,105030
hl_30d,3,2021-08-01 11:00:00+00:00,340186,7,0.003916497196055177,0.517100201850935,105028
hl_30d,3,2021-08-01 11:00:00+00:00,340186,8,0.004157815369400528,0.5167196694151924,105026
hl_30d,3,2021-08-01 11:00:00+00:00,340186,9,0.004471859138464729,0.5149489640463132,105024
hl_30d,3,2021-08-01 11:00:00+00:00,340186,10,0.0046954325220565874,0.5160918664660737,105022
hl_30d,3,2021-08-01 11:00:00+00:00,340186,11,0.004941425288708286,0.5136069320129499,105020
hl_30d,3,2021-08-01 11:00:00+00:00,340186,12,0.005159995848181977,0.5132167818850102,105018
hl_30d,4,2022-08-01 11:00:00+00:00,445228,1,0.0008965915008290126,0.5251705469872411,105103
hl_30d,4,2022-08-01 11:00:00+00:00,445228,2,0.001261455832785784,0.5248139902190253,105102
hl_30d,4,2022-08-01 11:00:00+00:00,445228,3,0.0015608010602765731,0.5228399349197439,105101
hl_30d,4,2022-08-01 11:00:00+00:00,445228,4,0.001824233695036527,0.527954329210276,105100
hl_30d,4,2022-08-01 11:00:00+00:00,445228,5,0.002089643178322029,0.5287585990351954,105099
hl_30d,4,2022-08-01 11:00:00+00:00,445228,6,0.002296414362316734,0.5307998249253079,105098
hl_30d,4,2022-08-01 11:00:00+00:00,445228,7,0.0026063125899884305,0.5289209016432439,105097
hl_30d,4,2022-08-01 11:00:00+00:00,445228,8,0.002761635103711722,0.527898302504377,105096
hl_30d,4,2022-08-01 11:00:00+00:00,445228,9,0.0028847962338092465,0.5314429801608069,105095
hl_30d,4,2022-08-01 11:00:00+00:00,445228,10,0.0031165813363207037,0.5300302586256114,105094
hl_30d,4,2022-08-01 11:00:00+00:00,445228,11,0.003205696081990133,0.5295690483666847,105093
hl_30d,4,2022-08-01 11:00:00+00:00,445228,12,0.0034895570374834724,0.5258915997411792,105092
hl_30d,5,2023-08-01 11:00:00+00:00,550332,1,0.0009289107564046383,0.5163051750380517,105120
hl_30d,5,2023-08-01 11:00:00+00:00,550332,2,0.0013043392907263194,0.5219368340943683,105120
hl_30d,5,2023-08-01 11:00:00+00:00,550332,3,0.0015847654307564881,0.5258561643835616,105120
hl_30d,5,2023-08-01 11:00:00+00:00,550332,4,0.001824352306526582,0.526398401826484,105120
hl_30d,5,2023-08-01 11:00:00+00:00,550332,5,0.002028895506193965,0.5272165144596651,105120
hl_30d,5,2023-08-01 11:00:00+00:00,550332,6,0.002216851350689685,0.5279585235920853,105120
hl_30d,5,2023-08-01 11:00:00+00:00,550332,7,0.0023889980224790952,0.5279680365296804,105120
hl_30d,5,2023-08-01 11:00:00+00:00,550332,8,0.002551993046044398,0.5282439117199391,105120
hl_30d,5,2023-08-01 11:00:00+00:00,550332,9,0.00270233121275409,0.5274543378995433,105120
hl_30d,5,2023-08-01 11:00:00+00:00,550332,10,0.0028486897508130256,0.5289383561643836,105120
hl_30d,5,2023-08-01 11:00:00+00:00,550332,11,0.0029929646673831477,0.5308504566210046,105120
hl_30d,5,2023-08-01 11:00:00+00:00,550332,12,0.003123625876841179,0.531763698630137,105120
hl_30d,6,2024-07-31 11:00:00+00:00,655452,1,0.0009969951411885043,0.5119577625570776,105120
hl_30d,6,2024-07-31 11:00:00+00:00,655452,2,0.0014156183958252799,0.5121385083713851,105120
hl_30d,6,2024-07-31 11:00:00+00:00,655452,3,0.0017247802639204742,0.51470700152207,105120
hl_30d,6,2024-07-31 11:00:00+00:00,655452,4,0.001986561691878111,0.5157914764079148,105120
hl_30d,6,2024-07-31 11:00:00+00:00,655452,5,0.0022270661781440995,0.512062404870624,105120
hl_30d,6,2024-07-31 11:00:00+00:00,655452,6,0.002440395896116538,0.5093987823439878,105120
hl_30d,6,2024-07-31 11:00:00+00:00,655452,7,0.0026343922203175556,0.5111586757990868,105120
hl_30d,6,2024-07-31 11:00:00+00:00,655452,8,0.002812691951579763,0.5109969558599695,105120
hl_30d,6,2024-07-31 11:00:00+00:00,655452,9,0.002996178746269961,0.5108352359208523,105120
hl_30d,6,2024-07-31 11:00:00+00:00,655452,10,0.0031561808275774807,0.5115011415525114,105120
hl_30d,6,2024-07-31 11:00:00+00:00,655452,11,0.0033145335283440297,0.5123858447488584,105120
hl_30d,6,2024-07-31 11:00:00+00:00,655452,12,0.0034709821309499875,0.5106735159817352,105120
hl_30d,7,2025-07-31 11:00:00+00:00,760572,1,0.0008804338426412272,0.5076302048209022,103798
hl_30d,7,2025-07-31 11:00:00+00:00,760572,2,0.001254392625589823,0.5098509590835959,103797
hl_30d,7,2025-07-31 11:00:00+00:00,760572,3,0.00153257788103034,0.5118598019191491,103796
hl_30d,7,2025-07-31 11:00:00+00:00,760572,4,0.0017706873598803102,0.5085216050869502,103795
hl_30d,7,2025-07-31 11:00:00+00:00,760572,5,0.0019808080268309386,0.5134208143052585,103794
hl_30d,7,2025-07-31 11:00:00+00:00,760572,6,0.0021704333208065166,0.511450675864461,103793
hl_30d,7,2025-07-31 11:00:00+00:00,760572,7,0.002342258600540757,0.5139413442269154,103792
hl_30d,7,2025-07-31 11:00:00+00:00,760572,8,0.002500973706447659,0.5092638090007804,103791
hl_30d,7,2025-07-31 11:00:00+00:00,760572,9,0.0026528145417872703,0.5119664707582618,103790
hl_30d,7,2025-07-31 11:00:00+00:00,760572,10,0.002801292279457077,0.5114414822380021,103789
hl_30d,7,2025-07-31 11:00:00+00:00,760572,11,0.002943233083503211,0.5074767795891625,103788
hl_30d,7,2025-07-31 11:00:00+00:00,760572,12,0.003080574305024077,0.5061423877749622,103787
hl_180d,0,2018-08-02 11:00:00+00:00,25676,1,0.0012742757184071602,0.5244166626902705,104785
hl_180d,0,2018-08-02 11:00:00+00:00,25676,2,0.0017716972436429804,0.5329643061652988,104780
hl_180d,0,2018-08-02 11:00:00+00:00,25676,3,0.0021391617433776195,0.5387735623956096,104775
hl_180d,0,2018-08-02 11:00:00+00:00,25676,4,0.0024554378255160895,0.537577550825618,104770
hl_180d,0,2018-08-02 11:00:00+00:00,25676,5,0.0027462546634348163,0.5406958430773636,104765
hl_180d,0,2018-08-02 11:00:00+00:00,25676,6,0.0030170693819348278,0.5427835051546391,104760
hl_180d,0,2018-08-02 11:00:00+00:00,25676,7,0.003249763750191953,0.5446136222614673,104755
hl_180d,0,2018-08-02 11:00:00+00:00,25676,8,0.0034789138431828627,0.5425298329355609,104750
hl_180d,0,2018-08-02 11:00:00+00:00,25676,9,0.003685285374317171,0.5454293761038713,104745
hl_180d,0,2018-08-02 11:00:00+00:00,25676,10,0.0039081055929150454,0.5434981859843422,104740
hl_180d,0,2018-08-02 11:00:00+00:00,25676,11,0.004107400335624467,0.541328113811047,104735
hl_180d,0,2018-08-02 11:00:00+00:00,25676,12,0.004285638664013587,0.5429771794137306,104730
hl_180d,1,2019-08-02 11:00:00+00:00,130466,1,0.0012530055124466307,0.5335019325285107,104785
hl_180d,1,2019-08-02 11:00:00+00:00,130466,2,0.0017208719272531748,0.5378375025053208,104777
hl_180d,1,2019-08-02 11:00:00+00:00,130466,3,0.002077631688272059,0.5391766648531531,104769
hl_180d,1,2019-08-02 11:00:00+00:00,130466,4,0.002392531605275246,0.5389314725899905,104761
hl_180d,1,2019-08-02 11:00:00+00:00,130466,5,0.00266715002783932,0.5432970893435033,104753
hl_180d,1,2019-08-02 11:00:00+00:00,130466,6,0.0029113720516867,0.54044584467039,104745
hl_180d,1,2019-08-02 11:00:00+00:00,130466,7,0.0031443780854332596,0.5428263173472603,104737
hl_180d,1,2019-08-02 11:00:00+00:00,130466,8,0.0033838365277530907,0.5373201310047838,104729
hl_180d,1,2019-08-02 11:00:00+00:00,130466,9,0.003604244492025186,0.5378863838198642,104721
hl_180d,1,2019-08-02 11:00:00+00:00,130466,10,0.00379904707036817,0.5425400857582153,104713
hl_180d,1,2019-08-02 11:00:00+00:00,130466,11,0.003978588241322502,0.5363736211260207,104705
hl_180d,1,2019-08-02 11:00:00+00:00,130466,12,0.004221514479872607,0.5352684413115945,104697
hl_180d,2,2020-08-01 11:00:00+00:00,235259,1,0.0017791650447290433,0.5383911551658407,104920
hl_180d,2,2020-08-01 11:00:00+00:00,235259,2,0.002472961394190131,0.5396471361985645,104913
hl_180d,2,2020-08-01 11:00:00+00:00,235259,3,0.0030014965936005955,0.5393399805540198,104906
hl_180d,2,2020-08-01 11:00:00+00:00,235259,4,0.0034734919080467237,0.5369259954813678,104899
hl_180d,2,2020-08-01 11:00:00+00:00,235259,5,0.0038748017982121845,0.5330149105746863,104892
hl_180d,2,2020-08-01 11:00:00+00:00,235259,6,0.004205234097080345,0.531744291366735,104885
hl_180d,2,2020-08-01 11:00:00+00:00,235259,7,0.0044855488557041905,0.530397223440569,104878
hl_180d,2,2020-08-01 11:00:00+00:00,235259,8,0.004804052330225633,0.5264944550924469,104871
hl_180d,2,2020-08-01 11:00:00+00:00,235259,9,0.005071704540399988,0.524650976502899,104864
hl_180d,2,2020-08-01 11:00:00+00:00,235259,10,0.005339740796624117,0.526326330144864,104857
hl_180d,2,2020-08-01 11:00:00+00:00,235259,11,0.005610019666982473,0.5242441583214116,104850
hl_180d,2,2020-08-01 11:00:00+00:00,235259,12,0.005871767112396046,0.5249468252529973,104843
hl_180d,3,2021-08-01 11:00:00+00:00,340186,1,0.0014435959225652152,0.5220582635186596,105040
hl_180d,3,2021-08-01 11:00:00+00:00,340186,2,0.002021980598636129,0.5238389916030389,105038
hl_180d,3,2021-08-01 11:00:00+00:00,340186,3,0.002467881241645176,0.5262291024029856,105036
hl_180d,3,2021-08-01 11:00:00+00:00,340186,4,0.002850104394228782,0.5240493554468078,105034
hl_180d,3,2021-08-01 11:00:00+00:00,340186,5,0.003186533974418354,0.5228311371772412,105032
hl_180d,3,2021-08-01 11:00:00+00:00,340186,6,0.003507698438799352,0.5238027230315148,105030
hl_180d,3,2021-08-01 11:00:00+00:00,340186,7,0.00378488871348949,0.5169002551700499,105028
hl_180d,3,2021-08-01 11:00:00+00:00,340186,8,0.004058815197796309,0.5178241578275855,105026
hl_180d,3,2021-08-01 11:00:00+00:00,340186,9,0.004317912870480849,0.5181577544180378,105024
hl_180d,3,2021-08-01 11:00:00+00:00,340186,10,0.0045604270571522115,0.5213859953152673,105022
hl_180d,3,2021-08-01 11:00:00+00:00,340186,11,0.004820423824921585,0.5164444867644258,105020
hl_180d,3,2021-08-01 11:00:00+00:00,340186,12,0.0050072911942723375,0.5175208059570741,105018
hl_180d,4,2022-08-01 11:00:00+00:00,445228,1,0.0008899319825916165,0.5242000704071245,105103
hl_180d,4,2022-08-01 11:00:00+00:00,445228,2,0.0012459258301945066,0.5280013700976195,105102
hl_180d,4,2022-08-01 11:00:00+00:00,445228,3,0.0015443021039492051,0.5319454619841867,105101
hl_180d,4,2022-08-01 11:00:00+00:00,445228,4,0.0018214298524021403,0.5326450999048525,105100
hl_180d,4,2022-08-01 11:00:00+00:00,445228,5,0.002057531208805469,0.5316796544210697,105099
hl_180d,4,2022-08-01 11:00:00+00:00,445228,6,0.002235203956302883,0.5346724009971645,105098
hl_180d,4,2022-08-01 11:00:00+00:00,445228,7,0.0024497608346377847,0.5336118062361438,105097
hl_180d,4,2022-08-01 11:00:00+00:00,445228,8,0.002632236249693775,0.5362335388597093,105096
hl_180d,4,2022-08-01 11:00:00+00:00,445228,9,0.0027673770678639073,0.5325848042247491,105095
hl_180d,4,2022-08-01 11:00:00+00:00,445228,10,0.002930890282406342,0.5319808932955259,105094
hl_180d,4,2022-08-01 11:00:00+00:00,445228,11,0.0030805906905116065,0.5330231318927046,105093
hl_180d,4,2022-08-01 11:00:00+00:00,445228,12,0.0032031923786119093,0.5326190385566932,105092
hl_180d,5,2023-08-01 11:00:00+00:00,550332,1,0.0009277125709534128,0.5172659817351598,105120
hl_180d,5,2023-08-01 11:00:00+00:00,550332,2,0.001302177275135606,0.5249904870624049,105120
hl_180d,5,2023-08-01 11:00:00+00:00,550332,3,0.001583787061159783,0.526398401826484,105120
hl_180d,5,2023-08-01 11:00:00+00:00,550332,4,0.0018200037259146588,0.5283580669710807,105120
hl_180d,5,2023-08-01 11:00:00+00:00,550332,5,0.002024688697751337,0.528900304414003,105120
hl_180d,5,2023-08-01 11:00:00+00:00,550332,6,0.0022093968446990704,0.5292427701674277,105120
hl_180d,5,2023-08-01 11:00:00+00:00,550332,7,0.0023805696299436007,0.5303367579908675,105120
hl_180d,5,2023-08-01 11:00:00+00:00,550332,8,0.002541114358911179,0.5287956621004566,105120
hl_180d,5,2023-08-01 11:00:00+00:00,550332,9,0.002690133945512523,0.5310787671232877,105120
hl_180d,5,2023-08-01 11:00:00+00:00,550332,10,0.00283232682603685,0.5320871385083714,105120
hl_180d,5,2023-08-01 11:00:00+00:00,550332,11,0.002970123701395803,0.5311453576864535,105120
hl_180d,5,2023-08-01 11:00:00+00:00,550332,12,0.0030995931476929983,0.5323344748858447,105120
hl_180d,6,2024-07-31 11:00:00+00:00,655452,1,0.000995390005582622,0.5136986301369864,105120
hl_180d,6,2024-07-31 11:00:00+00:00,655452,2,0.001411257190532678,0.5157153729071537,105120
hl_180d,6,2024-07-31 11:00:00+00:00,655452,3,0.00171690915250396,0.5167903348554034,105120
hl_180d,6,2024-07-31 11:00:00+00:00,655452,4,0.0019777524715991436,0.5174086757990868,105120
hl_180d,6,2024-07-31 11:00:00+00:00,655452,5,0.002210565387491459,0.5147355403348554,105120
hl_180d,6,2024-07-31 11:00:00+00:00,655452,6,0.0024211679673717197,0.5137842465753425,105120
hl_180d,6,2024-07-31 11:00:00+00:00,655452,7,0.0026153461142472915,0.5126331811263318,105120
hl_180d,6,2024-07-31 11:00:00+00:00,655452,8,0.002796162101308991,0.5150684931506849,105120
hl_180d,6,2024-07-31 11:00:00+00:00,655452,9,0.0029684122772323904,0.5121575342465754,105120
hl_180d,6,2024-07-31 11:00:00+00:00,655452,10,0.00312204554534481,0.5166000761035008,105120
hl_180d,6,2024-07-31 11:00:00+00:00,655452,11,0.0032728682450304954,0.5145833333333333,105120
hl_180d,6,2024-07-31 11:00:00+00:00,655452,12,0.0034138899472463125,0.5143169710806698,105120
hl_180d,7,2025-07-31 11:00:00+00:00,760572,1,0.0008786129395467563,0.5127844467138095,103798
hl_180d,7,2025-07-31 11:00:00+00:00,760572,2,0.0012504165156404273,0.5185217299151228,103797
hl_180d,7,2025-07-31 11:00:00+00:00,760572,3,0.0015271836045991213,0.5199718678947166,103796
hl_180d,7,2025-07-31 11:00:00+00:00,760572,4,0.0017630354788855925,0.5194662555999807,103795
hl_180d,7,2025-07-31 11:00:00+00:00,760572,5,0.0019704702515550574,0.5196928531514345,103794
hl_180d,7,2025-07-31 11:00:00+00:00,760572,6,0.0021555392626625867,0.5210852369620302,103793
hl_180d,7,2025-07-31 11:00:00+00:00,760572,7,0.0023287209126536586,0.517429088947125,103792
hl_180d,7,2025-07-31 11:00:00+00:00,760572,8,0.002484505243637951,0.519110520179977,103791
hl_180d,7,2025-07-31 11:00:00+00:00,760572,9,0.00263513404461208,0.5167549860294826,103790
hl_180d,7,2025-07-31 11:00:00+00:00,760572,10,0.002781019688596786,0.5162782183082986,103789
hl_180d,7,2025-07-31 11:00:00+00:00,760572,11,0.00292029957502877,0.5159266967279454,103788
hl_180d,7,2025-07-31 11:00:00+00:00,760572,12,0.003051938576626112,0.514630926802008,103787
hl_730d,0,2018-08-02 11:00:00+00:00,25676,1,0.0012735372176667804,0.5244548360929522,104785
hl_730d,0,2018-08-02 11:00:00+00:00,25676,2,0.001770150025868105,0.5359228860469555,104780
hl_730d,0,2018-08-02 11:00:00+00:00,25676,3,0.0021395891944915976,0.5413314244810308,104775
hl_730d,0,2018-08-02 11:00:00+00:00,25676,4,0.0024559202786469322,0.5389615347904935,104770
hl_730d,0,2018-08-02 11:00:00+00:00,25676,5,0.002745201520180565,0.5399322292750441,104765
hl_730d,0,2018-08-02 11:00:00+00:00,25676,6,0.003009566429646629,0.5444444444444444,104760
hl_730d,0,2018-08-02 11:00:00+00:00,25676,7,0.003250414816799874,0.5440790415731946,104755
hl_730d,0,2018-08-02 11:00:00+00:00,25676,8,0.003484596200866367,0.5421957040572792,104750
hl_730d,0,2018-08-02 11:00:00+00:00,25676,9,0.003692281524319076,0.5426798415198816,104745
hl_730d,0,2018-08-02 11:00:00+00:00,25676,10,0.0039036890796907624,0.5425243459996181,104740
hl_730d,0,2018-08-02 11:00:00+00:00,25676,11,0.004100006213096041,0.5418914403017139,104735
hl_730d,0,2018-08-02 11:00:00+00:00,25676,12,0.004289365268084213,0.5440084025589611,104730
hl_730d,1,2019-08-02 11:00:00+00:00,130466,1,0.0012513907896320028,0.5348857183757217,104785
hl_730d,1,2019-08-02 11:00:00+00:00,130466,2,0.0017171410852061767,0.5396127012607729,104777
hl_730d,1,2019-08-02 11:00:00+00:00,130466,3,0.0020727015952895483,0.5376113163244853,104769
hl_730d,1,2019-08-02 11:00:00+00:00,130466,4,0.002385687913173388,0.5403346665266655,104761
hl_730d,1,2019-08-02 11:00:00+00:00,130466,5,0.0026629362912762044,0.5439462354300115,104753
hl_730d,1,2019-08-02 11:00:00+00:00,130466,6,0.002900607008176806,0.545066590290706,104745
hl_730d,1,2019-08-02 11:00:00+00:00,130466,7,0.003137819438100187,0.5427308401042612,104737
hl_730d,1,2019-08-02 11:00:00+00:00,130466,8,0.003351628871502057,0.5412349969922371,104729
hl_730d,1,2019-08-02 11:00:00+00:00,130466,9,0.003548325500713542,0.5422408112985934,104721
hl_730d,1,2019-08-02 11:00:00+00:00,130466,10,0.003741616459963148,0.5442113204664177,104713
hl_730d,1,2019-08-02 11:00:00+00:00,130466,11,0.003938565452410676,0.5421135571367175,104705
hl_730d,1,2019-08-02 11:00:00+00:00,130466,12,0.004121771665788883,0.5419257476336475,104697
hl_730d,2,2020-08-01 11:00:00+00:00,235259,1,0.001780010393840836,0.5356462066336256,104920
hl_730d,2,2020-08-01 11:00:00+00:00,235259,2,0.00247424420204403,0.5366637118374272,104913
hl_730d,2,2020-08-01 11:00:00+00:00,235259,3,0.0030011677975108246,0.5400072445808629,104906
hl_730d,2,2020-08-01 11:00:00+00:00,235259,4,0.0034672328544750643,0.5379078923535973,104899
hl_730d,2,2020-08-01 11:00:00+00:00,235259,5,0.003868618558983098,0.5350932387598673,104892
hl_730d,2,2020-08-01 11:00:00+00:00,235259,6,0.004204564534671834,0.5331076893740764,104885
hl_730d,2,2020-08-01 11:00:00+00:00,235259,7,0.004479364773149104,0.5309025725128245,104878
hl_730d,2,2020-08-01 11:00:00+00:00,235259,8,0.004786219406649163,0.5296030361110317,104871
hl_730d,2,2020-08-01 11:00:00+00:00,235259,9,0.0050759975277779625,0.5282747177296307,104864
hl_730d,2,2020-08-01 11:00:00+00:00,235259,10,0.005345055219477179,0.5288631183421231,104857
hl_730d,2,2020-08-01 11:00:00+00:00,235259,11,0.005606030288342375,0.5269909394372914,104850
hl_730d,2,2020-08-01 11:00:00+00:00,235259,12,0.005857638113539692,0.5255858760241504,104843
hl_730d,3,2021-08-01 11:00:00+00:00,340186,1,0.001436765535555433,0.5236481340441737,105040
hl_730d,3,2021-08-01 11:00:00+00:00,340186,2,0.0020137130509219514,0.5275043317656467,105038
hl_730d,3,2021-08-01 11:00:00+00:00,340186,3,0.0024578596901044685,0.5255341025933965,105036
hl_730d,3,2021-08-01 11:00:00+00:00,340186,4,0.002836019084160358,0.5291810270959879,105034
hl_730d,3,2021-08-01 11:00:00+00:00,340186,5,0.003170676348820801,0.5238689161398431,105032
hl_730d,3,2021-08-01 11:00:00+00:00,340186,6,0.003471577489065108,0.5267256974197848,105030
hl_730d,3,2021-08-01 11:00:00+00:00,340186,7,0.0037595608267142547,0.5210800929276003,105028
hl_730d,3,2021-08-01 11:00:00+00:00,340186,8,0.004025132486450326,0.521851731952088,105026
hl_730d,3,2021-08-01 11:00:00+00:00,340186,9,0.004279607101976566,0.5221758836075564,105024
hl_730d,3,2021-08-01 11:00:00+00:00,340186,10,0.004541506770366508,0.5209575136638038,105022
hl_730d,3,2021-08-01 11:00:00+00:00,340186,11,0.004763787771392081,0.5177966101694915,105020
hl_730d,3,2021-08-01 11:00:00+00:00,340186,12,0.004960126743667464,0.517406539831267,105018
hl_730d,4,2022-08-01 11:00:00+00:00,445228,1,0.0008838011816697121,0.5247804534599393,105103
hl_730d,4,2022-08-01 11:00:00+00:00,445228,2,0.0012320835849600682,0.531550303514681,105102
hl_730d,4,2022-08-01 11:00:00+00:00,445228,3,0.0015215314538507998,0.5336771296181768,105101
hl_730d,4,2022-08-01 11:00:00+00:00,445228,4,0.0017683517140576715,0.5358705994291151,105100
hl_730d,4,2022-08-01 11:00:00+00:00,445228,5,0.0019842402962598495,0.5345436207766011,105099
hl_730d,4,2022-08-01 11:00:00+00:00,445228,6,0.0021571893748563668,0.5389446040838075,105098
hl_730d,4,2022-08-01 11:00:00+00:00,445228,7,0.0023466366299564863,0.5369230330076025,105097
hl_730d,4,2022-08-01 11:00:00+00:00,445228,8,0.00247926951027302,0.5400966735175459,105096
hl_730d,4,2022-08-01 11:00:00+00:00,445228,9,0.002669299034078264,0.5321946810029021,105095
hl_730d,4,2022-08-01 11:00:00+00:00,445228,10,0.0027871809533181395,0.5373380021694864,105094
hl_730d,4,2022-08-01 11:00:00+00:00,445228,11,0.0029353696649159315,0.5368768614465284,105093
hl_730d,4,2022-08-01 11:00:00+00:00,445228,12,0.003072259522036002,0.534379400905873,105092
hl_730d,5,2023-08-01 11:00:00+00:00,550332,1,0.0009270025536519542,0.5186073059360731,105120
hl_730d,5,2023-08-01 11:00:00+00:00,550332,2,0.0013012936120072518,0.5254280821917808,105120
hl_730d,5,2023-08-01 11:00:00+00:00,550332,3,0.001581613314549743,0.5279965753424658,105120
hl_730d,5,2023-08-01 11:00:00+00:00,550332,4,0.0018182961614385906,0.5302035768645358,105120
hl_730d,5,2023-08-01 11:00:00+00:00,550332,5,0.0020209352639137435,0.532724505327245,105120
hl_730d,5,2023-08-01 11:00:00+00:00,550332,6,0.0022063358004278406,0.5315734398782344,105120
hl_730d,5,2023-08-01 11:00:00+00:00,550332,7,0.0023751592941285904,0.5322964231354642,105120
hl_730d,5,2023-08-01 11:00:00+00:00,550332,8,0.0025370601476351006,0.5345795281582952,105120
hl_730d,5,2023-08-01 11:00:00+00:00,550332,9,0.002686651011812193,0.5323439878234398,105120
hl_730d,5,2023-08-01 11:00:00+00:00,550332,10,0.0028265575958697957,0.5359874429223744,105120
hl_730d,5,2023-08-01 11:00:00+00:00,550332,11,0.0029647601604228316,0.5342560882800609,105120
hl_730d,5,2023-08-01 11:00:00+00:00,550332,12,0.0030917290611611236,0.5345700152207001,105120
hl_730d,6,2024-07-31 11:00:00+00:00,655452,1,0.000994909161931543,0.5135369101978691,105120
hl_730d,6,2024-07-31 11:00:00+00:00,655452,2,0.001408811602055503,0.5185026636225266,105120
hl_730d,6,2024-07-31 11:00:00+00:00,655452,3,0.001713204595233556,0.5184741248097412,105120
hl_730d,6,2024-07-31 11:00:00+00:00,655452,4,0.0019723841845793585,0.5181126331811263,105120
hl_730d,6,2024-07-31 11:00:00+00:00,655452,5,0.0022056304843241763,0.5166476407914764,105120
hl_730d,6,2024-07-31 11:00:00+00:00,655452,6,0.002411834363776672,0.514269406392694,105120
hl_730d,6,2024-07-31 11:00:00+00:00,655452,7,0.0025992446335458877,0.5142789193302892,105120
hl_730d,6,2024-07-31 11:00:00+00:00,655452,8,0.002775367653360434,0.5174752663622527,105120
hl_730d,6,2024-07-31 11:00:00+00:00,655452,9,0.0029374752521494573,0.516248097412481,105120
hl_730d,6,2024-07-31 11:00:00+00:00,655452,10,0.003091969936617091,0.5179223744292237,105120
hl_730d,6,2024-07-31 11:00:00+00:00,655452,11,0.00324605622374759,0.5154870624048706,105120
hl_730d,6,2024-07-31 11:00:00+00:00,655452,12,0.003389272589315407,0.513089802130898,105120
hl_730d,7,2025-07-31 11:00:00+00:00,760572,1,0.0008774827592014327,0.512399082833966,103798
hl_730d,7,2025-07-31 11:00:00+00:00,760572,2,0.001249263649340906,0.5217106467431621,103797
hl_730d,7,2025-07-31 11:00:00+00:00,760572,3,0.0015249557900856767,0.5223322671393889,103796
hl_730d,7,2025-07-31 11:00:00+00:00,760572,4,0.0017602223077508826,0.5243701527048509,103795
hl_730d,7,2025-07-31 11:00:00+00:00,760572,5,0.0019668891494687073,0.5232576064127021,103794
hl_730d,7,2025-07-31 11:00:00+00:00,760572,6,0.002154339971216561,0.5190138063260528,103793
hl_730d,7,2025-07-31 11:00:00+00:00,760572,7,0.002322124558167908,0.5239132110374596,103792
hl_730d,7,2025-07-31 11:00:00+00:00,760572,8,0.002483195725068861,0.5182626624659171,103791
hl_730d,7,2025-07-31 11:00:00+00:00,760572,9,0.002630127423403714,0.5160034685422488,103790
hl_730d,7,2025-07-31 11:00:00+00:00,760572,10,0.002774619065944312,0.5151894709458613,103789
hl_730d,7,2025-07-31 11:00:00+00:00,760572,11,0.002912533607093324,0.5166589586464716,103788
hl_730d,7,2025-07-31 11:00:00+00:00,760572,12,0.0030430748416634184,0.5169818956131308,103787
