symbol,horizon,mae,directional_accuracy,n_folds,n_test_total
180d,1,0.001183199079535544,0.52090701606691,8,838618
180d,2,0.0016526359028998987,0.5251003465324102,8,838594
180d,3,0.0020145824327079823,0.5261206577864698,8,838570
180d,4,0.0023282029096725683,0.5273258712104046,8,838546
180d,5,0.0026045212400965744,0.5279754138829988,8,838522
180d,6,0.00284550303406456,0.5272308341820732,8,838498
180d,7,0.003100022849179702,0.5270193231990496,8,838474
180d,8,0.003334751332664321,0.5246574035422505,8,838450
180d,9,0.003581925667148827,0.5236598101681007,8,838426
180d,10,0.0038076458867104925,0.5235388274360032,8,838402
180d,11,0.003973766761182937,0.523122028488343,8,838378
180d,12,0.004177308292687653,0.5223306622262195,8,838354
365d,1,0.0011804360520838502,0.5223272097665445,8,838618
365d,2,0.0016483922713476627,0.5268318161112528,8,838594
365d,3,0.0020065382564333086,0.5283649546251357,8,838570
365d,4,0.0023143568489922303,0.5288248945197997,8,838546
365d,5,0.002590202867331383,0.5299336213003356,8,838522
365d,6,0.002829908761539221,0.5287788402596071,8,838498
365d,7,0.0030567113430454438,0.52833719352061,8,838474
365d,8,0.0032657568571053956,0.5284322261315523,8,838450
365d,9,0.0034654026077190914,0.5281944977851355,8,838426
365d,10,0.00367622962800648,0.527041920224427,8,838402
365d,11,0.0038583990225846934,0.5261552664788437,8,838378
365d,12,0.00404049750692783,0.5258745112446532,8,838354
730d,1,0.0011782253656546153,0.5238225270623812,8,838618
730d,2,0.0016458375567915242,0.5286264867146676,8,838594
730d,3,0.0020008531919559537,0.5317802926410437,8,838570
730d,4,0.002306306824731906,0.5310537525669432,8,838546
730d,5,0.00257512045133759,0.5319323762525014,8,838522
730d,6,0.0028146524357496963,0.5308945280728159,8,838498
730d,7,0.0030310734643780894,0.530845321381462,8,838474
730d,8,0.00324396549420254,0.5309630866479814,8,838450
730d,9,0.003443576118181808,0.5298261265752732,8,838426
730d,10,0.003634174648807412,0.528870398687026,8,838402
730d,11,0.003812247734183645,0.5289535269293804,8,838378
730d,12,0.003986342018326774,0.5296593085975614,8,838354
90d,1,0.0011887536268908405,0.5194343550937376,8,838618
90d,2,0.0016633516795340143,0.5223886648366194,8,838594
90d,3,0.0020303920247344035,0.5236020845009958,8,838570
90d,4,0.0023541220413343367,0.5238150322105167,8,838546
90d,5,0.002644073460154521,0.5242879733626548,8,838522
90d,6,0.0029192849092159355,0.5231556902938349,8,838498
90d,7,0.0031543779080221612,0.5211908777135605,8,838474
90d,8,0.003378705385768484,0.5205891824199416,8,838450
90d,9,0.00361326601550581,0.5205611467201637,8,838426
90d,10,0.003834472947400935,0.5195610220395467,8,838402
90d,11,0.004045058520520621,0.5180372099458717,8,838378
90d,12,0.004239461256001783,0.5185744923981994,8,838354
expanding,1,0.0011773295048743975,0.5236913588785359,8,838618
expanding,2,0.0016446235284585005,0.5300669930860464,8,838594
expanding,3,0.0019986079542628037,0.5321654721728657,8,838570
expanding,4,0.0023028435631719133,0.5324740682085419,8,838546
expanding,5,0.0025680131402549622,0.5333777766117049,8,838522
expanding,6,0.002806234024626704,0.5328325171914542,8,838498
expanding,7,0.0030207745521660958,0.5337160126610963,8,838474
expanding,8,0.0032305668484734706,0.5320484226847159,8,838450
expanding,9,0.003421675609580599,0.5319801628289199,8,838426
expanding,10,0.0036168466830186386,0.5312880933013041,8,838402
expanding,11,0.0037990179202360055,0.5312031088602038,8,838378
expanding,12,0.0039658407437242384,0.5316071731034862,8,838354
